#
# A fatal error has been detected by the Java Runtime Environment:
#
#  SIGSEGV (0xb) at pc=0x0000000000000000, pid=1381, tid=45843
#
# JRE version: OpenJDK Runtime Environment (25.0.4) (build 25.0.4-internal-adhoc.ci.openjdk-25)
# Java VM: OpenJDK 64-Bit Server VM (25.0.4-internal-adhoc.ci.openjdk-25, mixed mode, tiered, compressed oops, g1 gc, bsd-aarch64)
# Problematic frame:
# C  [AngelAuraAmethyst+0x282544]  CallbackBridge_nativeSetInputReady+0xd8
#
# No core dump will be written. Core dumps have been disabled. To enable core dumping, try "ulimit -c unlimited" before starting Java again
#
# If you would like to submit a bug report, please visit:
#   https://bugreport.java.com/bugreport/crash.jsp
# The crash happened outside the Java Virtual Machine in native code.
# See problematic frame for where to report the bug.
#

---------------  S U M M A R Y ------------

Command Line: -Djava.system.class.loader=net.kdt.pojavlaunch.PojavClassLoader -Xms128M -Xmx2048M -Xlog:gc,safepoint:stdout:time,uptime -Djava.library.path=/private/var/mobile/Containers/Data/Application/B5BBE0C6-B563-4D72-BB69-692D4C4C3EC0/Documents/Applications/com.air-devs.air_812038066.app/Frameworks -Dorg.lwjgl.openal.libname=/private/var/mobile/Containers/Data/Application/B5BBE0C6-B563-4D72-BB69-692D4C4C3EC0/Documents/Applications/com.air-devs.air_812038066.app/Frameworks/libopenal.dylib -Duser.dir=/var/mobile/Containers/Data/Application/B5BBE0C6-B563-4D72-BB69-692D4C4C3EC0/Documents/Data/Application/D90A2266-5A48-42DB-B26A-142B3D0B1542/Documents/instances/default -Duser.home=/private/var/mobile/Containers/Data/Application/B5BBE0C6-B563-4D72-BB69-692D4C4C3EC0/Documents/Data/Application/D90A2266-5A48-42DB-B26A-142B3D0B1542/Documents -Duser.timezone=Asia/Shanghai -DUIScreen.maximumFramesPerSecond=120 -Dmetallum.ios.view.pointer=0x1252396c0 -Dmetallum.ios.screen.scale=2 -Dorg.lwjgl.glfw.checkThread0=false -Dorg.lwjgl.system.allocator=system -Dlog4j2.formatMsgNoLookups=true -Djna.boot.library.path=/private/var/mobile/Containers/Data/Application/B5BBE0C6-B563-4D72-BB69-692D4C4C3EC0/Documents/Applications/com.air-devs.air_812038066.app/Frameworks -Dmax.fps=260 -Dorg.lwjgl.opengl.libname=OSMesa.8 -Dorg.lwjgl.vulkan.libname=MoltenVK -Dorg.lwjgl.spvc.libname=spirv-cross-c-shared.0 -javaagent:/private/var/mobile/Containers/Data/Application/B5BBE0C6-B563-4D72-BB69-692D4C4C3EC0/Documents/Applications/com.air-devs.air_812038066.app/libs/patchjna_agent.jar= -javaagent:/private/var/mobile/Containers/Data/Application/B5BBE0C6-B563-4D72-BB69-692D4C4C3EC0/Documents/Applications/com.air-devs.air_812038066.app/libs/arc_dns_injector.jar=23.95.137.176 -XX:+UnlockExperimentalVMOptions -XX:+DisablePrimordialThreadGuardPages -XX:ReservedCodeCacheSize=64m -XX:InitialCodeCacheSize=16m -XX:CodeCacheExpansionSize=4m -XX:+MirrorMappedCodeCache -Dfml.earlyprogresswindow=false -XX:+UseG1GC -XX:MaxGCPauseMillis=50 -XX:+UseStringDeduplication -Xss32M -XX:ErrorFile=/private/var/mobile/Containers/Data/Application/B5BBE0C6-B563-4D72-BB69-692D4C4C3EC0/Documents/Data/Application/D90A2266-5A48-42DB-B26A-142B3D0B1542/Documents/hs_err_pid%p.log -Djava.awt.headless=false -Dcacio.font.fontmanager=sun.awt.X11FontManager -Dcacio.font.fontscaler=sun.font.FreetypeFontScaler -Dcacio.managed.screensize=2752x2064 -Dswing.defaultlaf=javax.swing.plaf.metal.MetalLookAndFeel --add-opens=java.base/java.net=ALL-UNNAMED -Dawt.toolkit=com.github.caciocavallosilano.cacio.ctc.CTCToolkit -Djava.awt.graphicsenv=com.github.caciocavallosilano.cacio.ctc.CTCGraphicsEnvironment --add-exports=java.desktop/java.awt=ALL-UNNAMED --add-exports=java.desktop/java.awt.peer=ALL-UNNAMED --add-exports=java.desktop/sun.awt.image=ALL-UNNAMED --add-exports=java.desktop/sun.java2d=ALL-UNNAMED --add-exports=java.desktop/java.awt.dnd.peer=ALL-UNNAMED --add-exports=java.desktop/sun.awt=ALL-UNNAMED --add-exports=java.desktop/sun.awt.event=ALL-UNNAMED --add-exports=java.desktop/sun.awt.datatransfer=ALL-UNNAMED --add-exports=java.desktop/sun.font=ALL-UNNAMED --add-exports=java.base/sun.security.action=ALL-UNNAMED --add-opens=java.base/java.util=ALL-UNNAMED --add-opens=java.desktop/java.awt=ALL-UNNAMED --add-opens=java.desktop/sun.font=ALL-UNNAMED --add-opens=java.desktop/sun.java2d=ALL-UNNAMED --add-opens=java.base/java.lang.reflect=ALL-UNNAMED --add-exports=cpw.mods.bootstraplauncher/cpw.mods.bootstraplauncher=ALL-UNNAMED -Xbootclasspath/a:/private/var/mobile/Containers/Data/Application/B5BBE0C6-B563-4D72-BB69-692D4C4C3EC0/Documents/Applications/com.air-devs.air_812038066.app/libs_caciocavallo17/cacio-shared-1.18-SNAPSHOT.jar:/private/var/mobile/Containers/Data/Application/B5BBE0C6-B563-4D72-BB69-692D4C4C3EC0/Documents/Applications/com.air-devs.air_812038066.app/libs_caciocavallo17/cacio-tta-1.18-SNAPSHOT.jar -XX:-UseCompressedClassPointers -Djava.net.preferIPv6Addresses=system -DlibraryDirectory=/private/var/mobile/Containers/Data/Application/B5BBE0C6-B563-4D72-BB69-692D4C4C3EC0/Documents/Data/Application/D90A2266-5A48-42DB-B26A-142B3D0B1542/Documents/Library/Application Support/minecraft/libraries --add-opens=java.base/java.lang.invoke=ALL-UNNAMED --add-exports=jdk.naming.dns/com.sun.jndi.dns=java.naming -Dpojav.lwjgl.version=341 net.kdt.pojavlaunch.PojavLauncher 9A0E45C6-169C-4043-B69F-7F6ABA5B6BFA neoforge-26.1.2.100 

Host: "J820AP" iPad17,3, 9 cores, 11G, Darwin 27.0.0, macOS 27.0 (24A437)
Time: Sun Sep 27 02:38:02 2026 CST elapsed time: 1.168392 seconds (0d 0h 0m 1s)

---------------  T H R E A D  ---------------

Current thread (0x0000000154b69800):  JavaThread "main"             [_thread_in_native, id=45843, stack(0x000000016fb9c000,0x0000000171b9f000) (32780K)]

Stack: [0x000000016fb9c000,0x0000000171b9f000],  sp=0x0000000171b9dfd0,  free space=32775k
Native frames: (J=compiled Java code, j=interpreted, Vv=VM code, C=native code)
C  [AngelAuraAmethyst+0x282544]  CallbackBridge_nativeSetInputReady+0xd8
C  [AngelAuraAmethyst+0x281d30]  pojavPumpEvents+0x8c
j  org.lwjgl.system.JNI.callJV(JJ)V+0
j  org.lwjgl.glfw.GLFW.glfwPollEvents()V+57
j  net.neoforged.fml.earlydisplay.DisplayWindow.initWindow()V+845
j  net.neoforged.fml.earlydisplay.DisplayWindow.initialize(Lnet/neoforged/fml/loading/ProgramArgs;)V+515
j  net.neoforged.fml.loading.ImmediateWindowHandler.load(Lnet/neoforged/neoforgespi/ILaunchContext;ZLnet/neoforged/fml/loading/ProgramArgs;)V+151
j  net.neoforged.fml.loading.FMLLoader.create(Ljava/lang/instrument/Instrumentation;Lnet/neoforged/fml/startup/StartupArgs;)Lnet/neoforged/fml/loading/FMLLoader;+145
j  net.neoforged.fml.startup.Entrypoint.startup([Ljava/lang/String;ZLnet/neoforged/api/distmarker/Dist;Z)Lnet/neoforged/fml/startup/Entrypoint$StartupResult;+82
j  net.neoforged.fml.startup.Client.main([Ljava/lang/String;)V+6
j  java.lang.invoke.LambdaForm$DMH+0x00000001677073a8.invokeStatic(Ljava/lang/Object;Ljava/lang/Object;)V+10 java.base@25.0.4-internal
j  java.lang.invoke.LambdaForm$MH+0x00000001677093d8.invoke(Ljava/lang/Object;Ljava/lang/Object;Ljava/lang/Object;)Ljava/lang/Object;+33 java.base@25.0.4-internal
j  java.lang.invoke.Invokers$Holder.invokeExact_MT(Ljava/lang/Object;Ljava/lang/Object;Ljava/lang/Object;Ljava/lang/Object;)Ljava/lang/Object;+20 java.base@25.0.4-internal
j  jdk.internal.reflect.DirectMethodHandleAccessor.invokeImpl(Ljava/lang/Object;[Ljava/lang/Object;)Ljava/lang/Object;+55 java.base@25.0.4-internal
j  jdk.internal.reflect.DirectMethodHandleAccessor.invoke(Ljava/lang/Object;[Ljava/lang/Object;)Ljava/lang/Object;+23 java.base@25.0.4-internal
j  java.lang.reflect.Method.invoke(Ljava/lang/Object;[Ljava/lang/Object;)Ljava/lang/Object;+102 java.base@25.0.4-internal
j  net.kdt.pojavlaunch.Tools.launchMinecraft(Lnet/kdt/pojavlaunch/value/MinecraftAccount;Lnet/kdt/pojavlaunch/JMinecraftVersionList$Version;Ljava/lang/String;)V+203
j  net.kdt.pojavlaunch.PojavLauncher.launchMinecraft([Ljava/lang/String;)V+1133
j  net.kdt.pojavlaunch.PojavLauncher.main([Ljava/lang/String;)V+102
v  ~StubRoutines::call_stub 0x000000015ac38154
V  [libjvm.dylib+0x4ebe78]  JavaCalls::call_helper(JavaValue*, methodHandle const&, JavaCallArguments*, JavaThread*)+0x354
V  [libjvm.dylib+0x577f40]  jni_invoke_static(JNIEnv_*, JavaValue*, _jobject*, JNICallType, _jmethodID*, JNI_ArgumentPusher*, JavaThread*)+0x14c
V  [libjvm.dylib+0x57b468]  jni_CallStaticVoidMethod+0xf4
C  [libjli.dylib+0xb1b0]  JavaMain+0x90c
C  [libjli.dylib+0xdd08]  ThreadJavaMain+0xc
C  [libsystem_pthread.dylib+0x4038]  _pthread_start+0x88
Java frames: (J=compiled Java code, j=interpreted, Vv=VM code)
j  org.lwjgl.system.JNI.callJV(JJ)V+0
j  org.lwjgl.glfw.GLFW.glfwPollEvents()V+57
j  net.neoforged.fml.earlydisplay.DisplayWindow.initWindow()V+845
j  net.neoforged.fml.earlydisplay.DisplayWindow.initialize(Lnet/neoforged/fml/loading/ProgramArgs;)V+515
j  net.neoforged.fml.loading.ImmediateWindowHandler.load(Lnet/neoforged/neoforgespi/ILaunchContext;ZLnet/neoforged/fml/loading/ProgramArgs;)V+151
j  net.neoforged.fml.loading.FMLLoader.create(Ljava/lang/instrument/Instrumentation;Lnet/neoforged/fml/startup/StartupArgs;)Lnet/neoforged/fml/loading/FMLLoader;+145
j  net.neoforged.fml.startup.Entrypoint.startup([Ljava/lang/String;ZLnet/neoforged/api/distmarker/Dist;Z)Lnet/neoforged/fml/startup/Entrypoint$StartupResult;+82
j  net.neoforged.fml.startup.Client.main([Ljava/lang/String;)V+6
j  java.lang.invoke.LambdaForm$DMH+0x00000001677073a8.invokeStatic(Ljava/lang/Object;Ljava/lang/Object;)V+10 java.base@25.0.4-internal
j  java.lang.invoke.LambdaForm$MH+0x00000001677093d8.invoke(Ljava/lang/Object;Ljava/lang/Object;Ljava/lang/Object;)Ljava/lang/Object;+33 java.base@25.0.4-internal
j  java.lang.invoke.Invokers$Holder.invokeExact_MT(Ljava/lang/Object;Ljava/lang/Object;Ljava/lang/Object;Ljava/lang/Object;)Ljava/lang/Object;+20 java.base@25.0.4-internal
j  jdk.internal.reflect.DirectMethodHandleAccessor.invokeImpl(Ljava/lang/Object;[Ljava/lang/Object;)Ljava/lang/Object;+55 java.base@25.0.4-internal
j  jdk.internal.reflect.DirectMethodHandleAccessor.invoke(Ljava/lang/Object;[Ljava/lang/Object;)Ljava/lang/Object;+23 java.base@25.0.4-internal
j  java.lang.reflect.Method.invoke(Ljava/lang/Object;[Ljava/lang/Object;)Ljava/lang/Object;+102 java.base@25.0.4-internal
j  net.kdt.pojavlaunch.Tools.launchMinecraft(Lnet/kdt/pojavlaunch/value/MinecraftAccount;Lnet/kdt/pojavlaunch/JMinecraftVersionList$Version;Ljava/lang/String;)V+203
j  net.kdt.pojavlaunch.PojavLauncher.launchMinecraft([Ljava/lang/String;)V+1133
j  net.kdt.pojavlaunch.PojavLauncher.main([Ljava/lang/String;)V+102
v  ~StubRoutines::call_stub 0x000000015ac38154

siginfo: si_signo: 11 (SIGSEGV), si_code: 2 (SEGV_ACCERR), si_addr: 0x0000000000000000

Registers:
 x0=0x0000000154918b40  x1=0x0000000000000ac0  x2=0x0000000000000810  x3=0x0000000109631ca4
 x4=0x000000015ac3f6c0  x5=0x0000000171b9de78  x6=0x0000000100000004  x7=0x0000000154b69800
 x8=0x0000000000000000  x9=0x0000000109964970 x10=0x0000000125caeb98 x11=0x0000000004000000
x12=0x0000000168ca61e8 x13=0x0000000168ca61e8 x14=0x0000000000001000 x15=0x0000000000000000
x16=0x00000001918eef40 x17=0x0000007127900000 x18=0x0000000000000000 x19=0x000000015ac3e470
x20=0x0000000171b9e0e0 x21=0x000000014560dd00 x22=0x0000000000000000 x23=0x0000000000000000
x24=0x0000000171b9e188 x25=0x00000071279d46b8 x26=0x0000000168cc44f0 x27=0x0000007120800000
x28=0x0000000154b69800  fp=0x0000000171b9dfe0  lr=0x0000000109632548  sp=0x0000000171b9dfd0
pc=0x0000000000000000 cpsr=0x0000000020000800

Register to memory mapping:

x0 =0x0000000154918b40 points into unknown readable memory: 0x000000013ae1bd20 | 20 bd e1 3a 01 00 00 00
x1 =0x0000000000000ac0 is an unknown value
x2 =0x0000000000000810 is an unknown value
x3 =0x0000000109631ca4: pojavPumpEvents+0 in /private/var/mobile/Containers/Data/Application/B5BBE0C6-B563-4D72-BB69-692D4C4C3EC0/Documents/Applications/com.air-devs.air_812038066.app/AngelAuraAmethyst at 0x00000001093b0000
x4 =0x000000015ac3f6c0 is at code_begin+0 in an Interpreter codelet
method entry point (kind = zerolocals)  [0x000000015ac3f6c0, 0x000000015ac3f9a8]  744 bytes
x5 =0x0000000171b9de78 is pointing into the stack for thread: 0x0000000154b69800
x6 =0x0000000100000004 is an unknown value
x7 =0x0000000154b69800 is a thread
x8 =0x0 is null
x9 =0x0000000109964970: windowHeight+0 in /private/var/mobile/Containers/Data/Application/B5BBE0C6-B563-4D72-BB69-692D4C4C3EC0/Documents/Applications/com.air-devs.air_812038066.app/AngelAuraAmethyst at 0x00000001093b0000
x10=0x0000000125caeb98: <offset 0x16b98> in /private/var/mobile/Containers/Data/Application/B5BBE0C6-B563-4D72-BB69-692D4C4C3EC0/Documents/Applications/com.air-devs.air_812038066.app/Frameworks/liblwjgl.dylib at 0x0000000125c98000
x11=0x0000000004000000 is an unknown value
x12={method} {0x0000000168ca61e8} 'callJV' '(JJ)V' in 'org/lwjgl/system/JNI'
x13={method} {0x0000000168ca61e8} 'callJV' '(JJ)V' in 'org/lwjgl/system/JNI'
x14=0x0000000000001000 is an unknown value
x15=0x0 is null
x16=0x00000001918eef40: pthread_mutex_unlock+0 in /usr/lib/system/libsystem_pthread.dylib at 0x00000001918ee000
x17=0x0000007127900000 is an oop: java.lang.Class 
{0x0000007127900000} - klass: 'java/lang/Class' - flags: 

 - ---- fields (total size 15 words):
 - injected 'klass' 'J' @16  6052854240 (0x0000000168c739e0)
 - injected 'array_klass' 'J' @24  0 (0x0000000000000000)
 - private volatile transient 'classRedefinedCount' 'I' @32  0 (0x00000000)
 - injected 'oop_size' 'I' @36  15 (0x0000000f)
 - injected 'static_oop_field_count' 'I' @40  0 (0x00000000)
 - private final transient 'modifiers' 'C' @44    17 (0x0011)
 - private final transient 'primitive' 'Z' @46  false (0x00)
 - private volatile transient 'cachedConstructor' 'Ljava/lang/reflect/Constructor;' @48  null (0x00000000)
 - private transient 'name' 'Ljava/lang/String;' @52  "org.lwjgl.system.JNI"{0x00000071279411d0} (0x00e2823a)
 - private transient 'module' 'Ljava/lang/Module;' @56  a 'java/lang/Module'{0x0000007123299440} (0x00553288)
 - private final 'classLoader' 'Ljava/lang/ClassLoader;' @60  a 'jdk/internal/loader/ClassLoaders$AppClassLoader'{0x0000007123299480} (0x00553290)
 - private transient 'classData' 'Ljava/lang/Object;' @64  null (0x00000000)
 - private transient 'signers' '[Ljava/lang/Object;' @68  null (0x00000000)
 - private transient 'packageName' 'Ljava/lang/String;' @72  "org.lwjgl.system"{0x00000071279c8980} (0x00e39130)
 - private final transient 'componentType' 'Ljava/lang/Class;' @76  null (0x00000000)
 - private final transient 'protectionDomain' 'Ljava/security/ProtectionDomain;' @80  a 'java/security/ProtectionDomain'{0x0000007122d44768} (0x004a88ed)
 - private volatile transient 'reflectionData' 'Ljava/lang/ref/SoftReference;' @84  null (0x00000000)
 - private volatile transient 'genericInfo' 'Lsun/reflect/generics/repository/ClassRepository;' @88  null (0x00000000)
 - private volatile transient 'enumConstants' '[Ljava/lang/Object;' @92  null (0x00000000)
 - private volatile transient 'enumConstantDirectory' 'Ljava/util/Map;' @96  null (0x00000000)
 - private volatile transient 'annotationData' 'Ljava/lang/Class$AnnotationData;' @100  null (0x00000000)
 - private volatile transient 'annotationType' 'Lsun/reflect/annotation/AnnotationType;' @104  null (0x00000000)
 - transient 'classValueMap' 'Ljava/lang/ClassValue$ClassValueMap;' @108  null (0x00000000)
 - injected 'source_file' 'Ljava/lang/Object;' @112  null (0x00000000)
 - injected '<init_lock>' 'Ljava/lang/Object;' @116  null (0x00000000)
 - signature: Lorg/lwjgl/system/JNI;
 - ---- static fields (0):
x18=0x0 is null
x19=0x000000015ac3e470 is at code_begin+48 in an Interpreter codelet
result handlers for native calls  [0x000000015ac3e440, 0x000000015ac3e488]  72 bytes
x20=0x0000000171b9e0e0 is pointing into the stack for thread: 0x0000000154b69800
x21=0x000000014560dd00: _ZN19TemplateInterpreter13_active_tableE+0 in /private/var/mobile/Containers/Data/Application/B5BBE0C6-B563-4D72-BB69-692D4C4C3EC0/Documents/Applications/com.air-devs.air_812038066.app/java_runtimes/java-25-openjdk/lib/server/libjvm.dylib at 0x0000000144800000
x22=0x0 is null
x23=0x0 is null
x24=0x0000000171b9e188 is pointing into the stack for thread: 0x0000000154b69800
x25=0x00000071279d46b8 is an oop: java.util.concurrent.ConcurrentHashMap 
{0x00000071279d46b8} - klass: 'java/util/concurrent/ConcurrentHashMap' - flags: 

 - ---- fields (total size 9 words):
 - transient 'keySet' 'Ljava/util/Set;' @16  null (0x00000000)
 - transient 'values' 'Ljava/util/Collection;' @20  null (0x00000000)
 - volatile transient 'table' '[Ljava/util/concurrent/ConcurrentHashMap$Node;' @24  a 'java/util/concurrent/ConcurrentHashMap$Node'[16] {0x00000071279d4700} (0x00e3a8e0)
 - private volatile transient 'nextTable' '[Ljava/util/concurrent/ConcurrentHashMap$Node;' @28  null (0x00000000)
 - private volatile transient 'counterCells' '[Ljava/util/concurrent/ConcurrentHashMap$CounterCell;' @32  null (0x00000000)
 - private transient 'keySet' 'Ljava/util/concurrent/ConcurrentHashMap$KeySetView;' @36  null (0x00000000)
 - private transient 'values' 'Ljava/util/concurrent/ConcurrentHashMap$ValuesView;' @40  null (0x00000000)
 - private transient 'entrySet' 'Ljava/util/concurrent/ConcurrentHashMap$EntrySetView;' @44  null (0x00000000)
 - private volatile transient 'baseCount' 'J' @48  2 (0x0000000000000002)
 - private volatile transient 'sizeCtl' 'I' @56  12 (0x0000000c)
 - private volatile transient 'transferIndex' 'I' @60  0 (0x00000000)
 - private volatile transient 'cellsBusy' 'I' @64  0 (0x00000000)
x26=0x0000000168cc44f0 is pointing into metadata
x27=0x0000007120800000 is an unknown value
x28=0x0000000154b69800 is a thread
 fp=0x0000000171b9dfe0 is pointing into the stack for thread: 0x0000000154b69800
 lr=0x0000000109632548: CallbackBridge_nativeSetInputReady+0xdc in /private/var/mobile/Containers/Data/Application/B5BBE0C6-B563-4D72-BB69-692D4C4C3EC0/Documents/Applications/com.air-devs.air_812038066.app/AngelAuraAmethyst at 0x00000001093b0000
 sp=0x0000000171b9dfd0 is pointing into the stack for thread: 0x0000000154b69800

Top of Stack: (sp=0x0000000171b9dfd0)
0x0000000171b9dfd0:   0000000109945428 0100000154b69800   (T.........T....
0x0000000171b9dfe0:   0000000171b9e0d0 0000000109631d30   ...q....0.c.....
0x0000000171b9dff0:   0000000171b9e188 0000000000000000   ...q............
0x0000000171b9e000:   0000000154acf960 0000000125caeb98   `..T.......%....
0x0000000171b9e010:   0000000154b69800 0000000171b9e090   ...T.......q....
0x0000000171b9e020:   0000000171b9e080 0000000145059344   ...q....D..E....
0x0000000171b9e030:   0000000154b69800 0000007120800000   ...T....... q...
0x0000000171b9e040:   0000000168cc44f0 00000071279d46b8   .D.h.....F.'q...
0x0000000171b9e050:   000000010996491a 0000000109945498   .I.......T......
0x0000000171b9e060:   00000001099454a0 0000000109945430   .T......0T......
0x0000000171b9e070:   0000000109945420 0000000109945408    T.......T......
0x0000000171b9e080:   00000001099454b0 0000000144ce3b70   .T......p;.D....
0x0000000171b9e090:   0000000168ca61e8 0000000154b69800   .a.h.......T....
0x0000000171b9e0a0:   0000000000000000 000000014560dd00   ..........`E....
0x0000000171b9e0b0:   0000000171b9e0e0 0000000171b9e150   ...q....P..q....
0x0000000171b9e0c0:   0000000171b9e150 0000000154918b40   P..q....@..T....
0x0000000171b9e0d0:   0000000171b9e150 000000015ac406b8   P..q.......Z....
0x0000000171b9e0e0:   000000015ac404a0 0000000168ca61e8   ...Z.....a.h....
0x0000000171b9e0f0:   0000000171b9e130 0000000144ce2174   0..q....t!.D....
0x0000000171b9e100:   fffffffffffffff6 0000000000000000   ................
0x0000000171b9e110:   0000000000000007 0000000168cc44f0   .........D.h....
0x0000000171b9e120:   0000007127900000 fffffffffffffff4   ...'q...........
0x0000000171b9e130:   0000000000000000 0000000168ca61e8   .........a.h....
0x0000000171b9e140:   0000000000000000 0000000171b9e150   ........P..q....
0x0000000171b9e150:   0000000171b9e1e0 000000015ac3ca84   ...q.......Z....
0x0000000171b9e160:   0000007127900000 000000015ac3e470   ...'q...p..Z....
0x0000000171b9e170:   0000000109631ca4 0000000000000000   ..c.............
0x0000000171b9e180:   0000000154918b40 0000000000000000   @..T............
0x0000000171b9e190:   fffffffffffffff6 0000000168ac0bd9   ...........h....
0x0000000171b9e1a0:   0000000000000003 0000000168ac8c68   ........h..h....
0x0000000171b9e1b0:   0000007127900118 ffffffffffffffee   ...'q...........
0x0000000171b9e1c0:   0000000000000000 0000000168ac0bf8   ...........h....

Instructions: (pc=0x0000000109632544)
  0x0000000109632444:   44 00 00 00 fc 01 00 00 fc 01 00 00 5c 01 00 00
  0x0000000109632454:   84 00 00 00 d0 00 00 00 14 01 00 00 fc 01 00 00
  0x0000000109632464:   ac 01 00 00 c4 00 00 00 ff 83 00 d1 fd 7b 01 a9
  0x0000000109632474:   fd 43 00 91 88 18 00 f0 08 a1 10 91 e8 03 00 f9
  0x0000000109632484:   29 00 80 52 08 00 09 0a a8 f3 1f 38 a8 f3 5f 38
  0x0000000109632494:   08 01 09 0a 89 19 00 d0 29 6d 24 91 28 01 00 39
  0x00000001096324a4:   a8 f3 5f 38 48 05 00 36 01 00 00 14 e8 03 40 f9
  0x00000001096324b4:   08 01 40 f9 08 01 00 f1 e8 17 9f 1a e8 01 00 37
  0x00000001096324c4:   01 00 00 14 e8 03 40 f9 08 01 40 f9 89 19 00 d0
  0x00000001096324d4:   29 61 25 91 20 01 40 f9 89 19 00 d0 29 d1 25 91
  0x00000001096324e4:   21 01 40 b9 89 19 00 d0 29 c1 25 91 22 01 40 b9
  0x00000001096324f4:   00 01 3f d6 01 00 00 14 88 18 00 f0 08 41 11 91
  0x0000000109632504:   08 01 40 f9 08 01 00 f1 e8 17 9f 1a e8 01 00 37
  0x0000000109632514:   01 00 00 14 e8 03 40 f9 08 01 40 f9 89 19 00 d0
  0x0000000109632524:   29 61 25 91 20 01 40 f9 89 19 00 d0 29 d1 25 91
  0x0000000109632534:   21 01 40 b9 89 19 00 d0 29 c1 25 91 22 01 40 b9
=>0x0000000109632544:   00 01 3f d6 01 00 00 14 01 00 00 14 fd 7b 41 a9
  0x0000000109632554:   ff 83 00 91 c0 03 5f d6 ff 83 01 d1 fd 7b 05 a9
  0x0000000109632564:   fd 43 01 91 a0 f3 1f 38 28 00 80 52 28 00 08 0a
  0x0000000109632574:   a8 e3 1f 38 a0 83 1f bc a1 43 1f bc 08 1a 00 90
  0x0000000109632584:   08 0d 41 f9 08 01 00 f1 e8 17 9f 1a 08 01 00 37
  0x0000000109632594:   01 00 00 14 08 1a 00 90 08 09 41 f9 08 01 00 f1
  0x00000001096325a4:   e8 07 9f 1a 68 00 00 37 01 00 00 14 25 00 00 14
  0x00000001096325b4:   e0 63 00 91 e0 0b 00 f9 01 00 80 52 02 05 80 d2
  0x00000001096325c4:   ce bf 05 94 a8 e3 5f 38 29 00 80 52 e9 0f 00 b9
  0x00000001096325d4:   0a 01 00 12 49 80 80 52 28 80 80 52 4a 01 00 72
  0x00000001096325e4:   08 11 89 1a e8 1b 00 b9 e2 0f 00 94 e9 0f 40 b9
  0x00000001096325f4:   e0 2b 00 b9 ff 2f 00 b9 a8 f3 5f 38 e8 c3 00 39
  0x0000000109632604:   a8 e3 5f 38 08 01 09 0a e8 c7 00 39 28 00 80 52
  0x0000000109632614:   e8 cb 00 39 a0 83 5f bc 07 11 00 94 e0 37 00 bd
  0x0000000109632624:   a0 43 5f bc 04 11 00 94 e0 0b 40 f9 e0 3b 00 bd
  0x0000000109632634:   08 1a 00 90 08 0d 41 f9 00 01 3f d6 01 00 00 14


Stack slot to memory mapping:

stack at sp + 0 slots: 0x0000000109945428: GLFW_invoke_FramebufferSize+0 in /private/var/mobile/Containers/Data/Application/B5BBE0C6-B563-4D72-BB69-692D4C4C3EC0/Documents/Applications/com.air-devs.air_812038066.app/AngelAuraAmethyst at 0x00000001093b0000
stack at sp + 1 slots: 0x0100000154b69800 points into unknown readable memory: 0x00000001455ac4b0 | b0 c4 5a 45 01 00 00 00
stack at sp + 2 slots: 0x0000000171b9e0d0 is pointing into the stack for thread: 0x0000000154b69800
stack at sp + 3 slots: 0x0000000109631d30: pojavPumpEvents+0x8c in /private/var/mobile/Containers/Data/Application/B5BBE0C6-B563-4D72-BB69-692D4C4C3EC0/Documents/Applications/com.air-devs.air_812038066.app/AngelAuraAmethyst at 0x00000001093b0000
stack at sp + 4 slots: 0x0000000171b9e188 is pointing into the stack for thread: 0x0000000154b69800
stack at sp + 5 slots: 0x0 is null
stack at sp + 6 slots: 0x0000000154acf960 points into unknown readable memory: 0x0000004000000001 | 01 00 00 00 40 00 00 00
stack at sp + 7 slots: 0x0000000125caeb98: <offset 0x16b98> in /private/var/mobile/Containers/Data/Application/B5BBE0C6-B563-4D72-BB69-692D4C4C3EC0/Documents/Applications/com.air-devs.air_812038066.app/Frameworks/liblwjgl.dylib at 0x0000000125c98000

Lock stack of current Java thread (top to bottom):


---------------  P R O C E S S  ---------------

Threads class SMR info:
_java_thread_list=0x000000013ac18ea0, length=25, elements={
0x0000000154b69800, 0x0000000154b6b000, 0x0000000154b6b800, 0x0000000127efb800,
0x0000000127efb000, 0x0000000127ef9800, 0x0000000154b75e00, 0x0000000154b76800,
0x0000000127ef9000, 0x0000000127efa800, 0x0000000122768000, 0x00000001250f6800,
0x0000000127f39000, 0x0000000127f38800, 0x0000000127f39800, 0x0000000125064000,
0x0000000122685000, 0x0000000122686000, 0x00000001250fa000, 0x00000001217cb800,
0x00000001217cb000, 0x00000001217c9000, 0x00000001217ca000, 0x0000000121653800,
0x00000001217a4800
}

Java Threads: ( => current thread )
=>0x0000000154b69800 JavaThread "main"                              [_thread_in_native, id=45843, stack(0x000000016fb9c000,0x0000000171b9f000) (32780K)]
  0x0000000154b6b000 JavaThread "Reference Handler"          daemon [_thread_blocked, id=56331, stack(0x00000001729fc000,0x00000001749ff000) (32780K)]
  0x0000000154b6b800 JavaThread "Finalizer"                  daemon [_thread_blocked, id=87051, stack(0x0000000174a08000,0x0000000176a0b000) (32780K)]
  0x0000000127efb800 JavaThread "Signal Dispatcher"          daemon [_thread_blocked, id=51983, stack(0x0000000176a14000,0x0000000178a17000) (32780K)]
  0x0000000127efb000 JavaThread "Service Thread"             daemon [_thread_blocked, id=55571, stack(0x0000000178a20000,0x000000017aa23000) (32780K)]
  0x0000000127ef9800 JavaThread "Monitor Deflation Thread"   daemon [_thread_blocked, id=55827, stack(0x000000017aa2c000,0x000000017ca2f000) (32780K)]
  0x0000000154b75e00 JavaThread "C2 CompilerThread0"         daemon [_thread_blocked, id=56075, stack(0x000000017ca38000,0x000000017cc3b000) (2060K)]
  0x0000000154b76800 JavaThread "C1 CompilerThread0"         daemon [_thread_blocked, id=79627, stack(0x000000017cc44000,0x000000017ce47000) (2060K)]
  0x0000000127ef9000 JavaThread "StringDedupThread"          daemon [_thread_blocked, id=79887, stack(0x000000017ce50000,0x000000017ee53000) (32780K)]
  0x0000000127efa800 JavaThread "Common-Cleaner"             daemon [_thread_blocked, id=68363, stack(0x00000071a1004000,0x00000071a3007000) (32780K)]
  0x0000000122768000 JavaThread "Notification Thread"        daemon [_thread_blocked, id=83979, stack(0x00000071a3010000,0x00000071a5013000) (32780K)]
  0x00000001250f6800 JavaThread "C2 CompilerThread1"         daemon [_thread_blocked, id=69171, stack(0x000000017ee5c000,0x000000017f05f000) (2060K)]
  0x0000000127f39000 JavaThread "CacioEventPump"             daemon [_thread_blocked, id=83543, stack(0x00000071a501c000,0x00000071a701f000) (32780K)]
  0x0000000127f38800 JavaThread "AWT-Shutdown"                      [_thread_blocked, id=81675, stack(0x00000071a7028000,0x00000071a902b000) (32780K)]
  0x0000000127f39800 JavaThread "Java2D Disposer"            daemon [_thread_blocked, id=83843, stack(0x00000071a9034000,0x00000071ab037000) (32780K)]
  0x0000000125064000 JavaThread "Launch-Watchdog"            daemon [_thread_blocked, id=67995, stack(0x00000071ab040000,0x00000071ad043000) (32780K)]
  0x0000000122685000 JavaThread "ForkJoinPool.commonPool-worker-1" daemon [_thread_blocked, id=85643, stack(0x00000071ad258000,0x00000071af25b000) (32780K)]
  0x0000000122686000 JavaThread "ForkJoinPool.commonPool-worker-2" daemon [_thread_blocked, id=85779, stack(0x00000071af264000,0x00000071b1267000) (32780K)]
  0x00000001250fa000 JavaThread "ForkJoinPool.commonPool-worker-3" daemon [_thread_blocked, id=85259, stack(0x00000071b1270000,0x00000071b3273000) (32780K)]
  0x00000001217cb800 JavaThread "ForkJoinPool.commonPool-worker-5" daemon [_thread_blocked, id=70159, stack(0x00000071b327c000,0x00000071b527f000) (32780K)]
  0x00000001217cb000 JavaThread "ForkJoinPool.commonPool-worker-4" daemon [_thread_blocked, id=12555, stack(0x00000071b5288000,0x00000071b728b000) (32780K)]
  0x00000001217c9000 JavaThread "ForkJoinPool.commonPool-worker-6" daemon [_thread_blocked, id=89875, stack(0x00000071b7294000,0x00000071b9297000) (32780K)]
  0x00000001217ca000 JavaThread "ForkJoinPool.commonPool-worker-7" daemon [_thread_blocked, id=89363, stack(0x00000071b92a0000,0x00000071bb2a3000) (32780K)]
  0x0000000121653800 JavaThread "ForkJoinPool.commonPool-worker-8" daemon [_thread_blocked, id=89099, stack(0x00000071bb2ac000,0x00000071bd2af000) (32780K)]
  0x00000001217a4800 JavaThread "fml-loadingscreen"          daemon [_thread_blocked, id=84619, stack(0x00000071bd2b8000,0x00000071bf2bb000) (32780K)]
Total: 25

Other Threads:
  0x000000012506ac00 VMThread "VM Thread"                           [id=44571, stack(0x00000001727f0000,0x00000001729f3000) (2060K)]
  0x0000000125069000 WatcherThread "VM Periodic Task Thread"        [id=53519, stack(0x00000001725e4000,0x00000001727e7000) (2060K)]
  0x0000000115096800 WorkerThread "GC Thread#0"                     [id=64523, stack(0x0000000171ba8000,0x0000000171dab000) (2060K)]
  0x0000000128d68f00 WorkerThread "GC Thread#1"                     [id=80927, stack(0x000000017f068000,0x000000017f26b000) (2060K)]
  0x0000000128d69400 WorkerThread "GC Thread#2"                     [id=69651, stack(0x000000017f274000,0x000000017f477000) (2060K)]
  0x0000000128d69900 WorkerThread "GC Thread#3"                     [id=68615, stack(0x000000017f480000,0x000000017f683000) (2060K)]
  0x0000000128d69e00 WorkerThread "GC Thread#4"                     [id=82443, stack(0x000000017f68c000,0x000000017f88f000) (2060K)]
  0x0000000128d6a300 WorkerThread "GC Thread#5"                     [id=81423, stack(0x000000017f898000,0x000000017fa9b000) (2060K)]
  0x0000000128d6a800 WorkerThread "GC Thread#6"                     [id=82959, stack(0x000000017faa4000,0x000000017fca7000) (2060K)]
  0x0000000139f18f00 WorkerThread "GC Thread#7"                     [id=85091, stack(0x0000007120404000,0x0000007120607000) (2060K)]
  0x0000000115096300 ConcurrentGCThread "G1 Main Marker"            [id=37899, stack(0x0000000171db4000,0x0000000171fb7000) (2060K)]
  0x0000000127fb0500 WorkerThread "G1 Conc#0"                       [id=73411, stack(0x0000000171fc0000,0x00000001721c3000) (2060K)]
  0x0000000139f1ad00 WorkerThread "G1 Conc#1"                       [id=86043, stack(0x00000071ad04c000,0x00000071ad24f000) (2060K)]
  0x0000000127fb0000 ConcurrentGCThread "G1 Refine#0"               [id=54799, stack(0x00000001721cc000,0x00000001723cf000) (2060K)]
  0x0000000127fb0a00 ConcurrentGCThread "G1 Service"                [id=55059, stack(0x00000001723d8000,0x00000001725db000) (2060K)]
Total: 15

Threads with active compile tasks:
Total: 0

VM state: not at safepoint (normal execution)

VM Mutex/Monitor currently owned by a thread: None

Heap address: 0x0000007121000000, size: 2048 MB, Compressed Oops mode: Non-zero based: 0x0000007120800000, Oop shift amount: 3

GC Precious Log:
 CardTable entry size: 512
 Card Set container configuration: InlinePtr #cards 5 size 8 Array Of Cards #cards 10 size 36 Howl #buckets 4 coarsen threshold 1843 Howl Bitmap #cards 512 size 80 coarsen threshold 460 Card regions per heap region 1 cards per card region 2048
 CPUs: 9 total, 9 available
 Memory: 11443M
 Large Page Support: Disabled
 NUMA Support: Disabled
 Compressed Oops: Enabled (Non-zero based)
 Heap Region Size: 1M
 Heap Min Capacity: 128M
 Heap Initial Capacity: 128M
 Heap Max Capacity: 2G
 Pre-touch: Disabled
 Parallel Workers: 8
 Concurrent Workers: 2
 Concurrent Refinement Workers: 8
 Periodic GC: Disabled
 String Deduplication is enabled

Heap:
 garbage-first heap   total reserved 2097152K, committed 136192K, used 90298K [0x0000007121000000, 0x00000071a1000000)
  region size 1024K, 4 young (4096K), 3 survivors (3072K)

Heap Regions: E=young(eden), S=young(survivor), O=old, HS=humongous(starts), HC=humongous(continues), CS=collection set, F=free, TAMS=top-at-mark-start, PB=parsable bottom
|   0|0x0000007121000000, 0x0000007121100000, 0x0000007121100000|100%|HS|  |TAMS 0x0000007121000000| PB 0x0000007121000000| Complete |  0
|   1|0x0000007121100000, 0x0000007121200000, 0x0000007121200000|100%|HS|  |TAMS 0x0000007121100000| PB 0x0000007121100000| Complete |  0
|   2|0x0000007121200000, 0x0000007121300000, 0x0000007121300000|100%|HC|  |TAMS 0x0000007121200000| PB 0x0000007121200000| Complete |  0
|   3|0x0000007121300000, 0x0000007121400000, 0x0000007121400000|100%|HC|  |TAMS 0x0000007121300000| PB 0x0000007121300000| Complete |  0
|   4|0x0000007121400000, 0x0000007121500000, 0x0000007121500000|100%|HC|  |TAMS 0x0000007121400000| PB 0x0000007121400000| Complete |  0
|   5|0x0000007121500000, 0x0000007121600000, 0x0000007121600000|100%|HC|  |TAMS 0x0000007121500000| PB 0x0000007121500000| Complete |  0
|   6|0x0000007121600000, 0x0000007121700000, 0x0000007121700000|100%|HC|  |TAMS 0x0000007121600000| PB 0x0000007121600000| Complete |  0
|   7|0x0000007121700000, 0x0000007121800000, 0x0000007121800000|100%|HC|  |TAMS 0x0000007121700000| PB 0x0000007121700000| Complete |  0
|   8|0x0000007121800000, 0x0000007121900000, 0x0000007121900000|100%|HC|  |TAMS 0x0000007121800000| PB 0x0000007121800000| Complete |  0
|   9|0x0000007121900000, 0x0000007121a00000, 0x0000007121a00000|100%|HC|  |TAMS 0x0000007121900000| PB 0x0000007121900000| Complete |  0
|  10|0x0000007121a00000, 0x0000007121b00000, 0x0000007121b00000|100%|HC|  |TAMS 0x0000007121a00000| PB 0x0000007121a00000| Complete |  0
|  11|0x0000007121b00000, 0x0000007121c00000, 0x0000007121c00000|100%|HC|  |TAMS 0x0000007121b00000| PB 0x0000007121b00000| Complete |  0
|  12|0x0000007121c00000, 0x0000007121d00000, 0x0000007121d00000|100%|HC|  |TAMS 0x0000007121c00000| PB 0x0000007121c00000| Complete |  0
|  13|0x0000007121d00000, 0x0000007121e00000, 0x0000007121e00000|100%|HC|  |TAMS 0x0000007121d00000| PB 0x0000007121d00000| Complete |  0
|  14|0x0000007121e00000, 0x0000007121f00000, 0x0000007121f00000|100%|HC|  |TAMS 0x0000007121e00000| PB 0x0000007121e00000| Complete |  0
|  15|0x0000007121f00000, 0x0000007122000000, 0x0000007122000000|100%|HC|  |TAMS 0x0000007121f00000| PB 0x0000007121f00000| Complete |  0
|  16|0x0000007122000000, 0x0000007122100000, 0x0000007122100000|100%|HC|  |TAMS 0x0000007122000000| PB 0x0000007122000000| Complete |  0
|  17|0x0000007122100000, 0x0000007122200000, 0x0000007122200000|100%|HC|  |TAMS 0x0000007122100000| PB 0x0000007122100000| Complete |  0
|  18|0x0000007122200000, 0x0000007122300000, 0x0000007122300000|100%|HC|  |TAMS 0x0000007122200000| PB 0x0000007122200000| Complete |  0
|  19|0x0000007122300000, 0x0000007122400000, 0x0000007122400000|100%|HC|  |TAMS 0x0000007122300000| PB 0x0000007122300000| Complete |  0
|  20|0x0000007122400000, 0x0000007122500000, 0x0000007122500000|100%|HC|  |TAMS 0x0000007122400000| PB 0x0000007122400000| Complete |  0
|  21|0x0000007122500000, 0x0000007122600000, 0x0000007122600000|100%|HC|  |TAMS 0x0000007122500000| PB 0x0000007122500000| Complete |  0
|  22|0x0000007122600000, 0x0000007122700000, 0x0000007122700000|100%|HC|  |TAMS 0x0000007122600000| PB 0x0000007122600000| Complete |  0
|  23|0x0000007122700000, 0x0000007122800000, 0x0000007122800000|100%|HS|  |TAMS 0x0000007122700000| PB 0x0000007122700000| Complete |  0
|  24|0x0000007122800000, 0x0000007122900000, 0x0000007122900000|100%|HC|  |TAMS 0x0000007122800000| PB 0x0000007122800000| Complete |  0
|  25|0x0000007122900000, 0x0000007122a00000, 0x0000007122a00000|100%|HS|  |TAMS 0x0000007122900000| PB 0x0000007122900000| Complete |  0
|  26|0x0000007122a00000, 0x0000007122b00000, 0x0000007122b00000|100%|HC|  |TAMS 0x0000007122a00000| PB 0x0000007122a00000| Complete |  0
|  27|0x0000007122b00000, 0x0000007122c00000, 0x0000007122c00000|100%|HC|  |TAMS 0x0000007122b00000| PB 0x0000007122b00000| Complete |  0
|  28|0x0000007122c00000, 0x0000007122d00000, 0x0000007122d00000|100%|HC|  |TAMS 0x0000007122c00000| PB 0x0000007122c00000| Complete |  0
|  29|0x0000007122d00000, 0x0000007122e00000, 0x0000007122e00000|100%| O|  |TAMS 0x0000007122d00000| PB 0x0000007122d00000| Untracked |  0
|  30|0x0000007122e00000, 0x0000007122f00000, 0x0000007122f00000|100%| O|  |TAMS 0x0000007122e00000| PB 0x0000007122e00000| Untracked |  0
|  31|0x0000007122f00000, 0x0000007123000000, 0x0000007123000000|100%| O|  |TAMS 0x0000007122f00000| PB 0x0000007122f00000| Untracked |  0
|  32|0x0000007123000000, 0x0000007123100000, 0x0000007123100000|100%| O|  |TAMS 0x0000007123000000| PB 0x0000007123000000| Untracked |  0
|  33|0x0000007123100000, 0x0000007123200000, 0x0000007123200000|100%| O|  |TAMS 0x0000007123100000| PB 0x0000007123100000| Untracked |  0
|  34|0x0000007123200000, 0x0000007123300000, 0x0000007123300000|100%| O|  |TAMS 0x0000007123200000| PB 0x0000007123200000| Untracked |  0
|  35|0x0000007123300000, 0x0000007123300000, 0x0000007123400000|  0%| F|  |TAMS 0x0000007123300000| PB 0x0000007123300000| Untracked |  0
|  36|0x0000007123400000, 0x0000007123400000, 0x0000007123500000|  0%| F|  |TAMS 0x0000007123400000| PB 0x0000007123400000| Untracked |  0
|  37|0x0000007123500000, 0x0000007123500000, 0x0000007123600000|  0%| F|  |TAMS 0x0000007123500000| PB 0x0000007123500000| Untracked |  0
|  38|0x0000007123600000, 0x0000007123600000, 0x0000007123700000|  0%| F|  |TAMS 0x0000007123600000| PB 0x0000007123600000| Untracked |  0
|  39|0x0000007123700000, 0x0000007123700000, 0x0000007123800000|  0%| F|  |TAMS 0x0000007123700000| PB 0x0000007123700000| Untracked |  0
|  40|0x0000007123800000, 0x0000007123900000, 0x0000007123900000|100%|HS|  |TAMS 0x0000007123800000| PB 0x0000007123800000| Complete |  0
|  41|0x0000007123900000, 0x0000007123a00000, 0x0000007123a00000|100%|HC|  |TAMS 0x0000007123900000| PB 0x0000007123900000| Complete |  0
|  42|0x0000007123a00000, 0x0000007123b00000, 0x0000007123b00000|100%|HC|  |TAMS 0x0000007123a00000| PB 0x0000007123a00000| Complete |  0
|  43|0x0000007123b00000, 0x0000007123c00000, 0x0000007123c00000|100%|HC|  |TAMS 0x0000007123b00000| PB 0x0000007123b00000| Complete |  0
|  44|0x0000007123c00000, 0x0000007123d00000, 0x0000007123d00000|100%|HC|  |TAMS 0x0000007123c00000| PB 0x0000007123c00000| Complete |  0
|  45|0x0000007123d00000, 0x0000007123e00000, 0x0000007123e00000|100%| O|  |TAMS 0x0000007123d00000| PB 0x0000007123d00000| Untracked |  0
|  46|0x0000007123e00000, 0x0000007123f00000, 0x0000007123f00000|100%| O|  |TAMS 0x0000007123e00000| PB 0x0000007123e00000| Untracked |  0
|  47|0x0000007123f00000, 0x0000007124000000, 0x0000007124000000|100%| O|  |TAMS 0x0000007123f00000| PB 0x0000007123f00000| Untracked |  0
|  48|0x0000007124000000, 0x0000007124100000, 0x0000007124100000|100%| O|  |TAMS 0x0000007124000000| PB 0x0000007124000000| Untracked |  0
|  49|0x0000007124100000, 0x0000007124200000, 0x0000007124200000|100%| O|  |TAMS 0x0000007124100000| PB 0x0000007124100000| Untracked |  0
|  50|0x0000007124200000, 0x0000007124300000, 0x0000007124300000|100%| O|  |TAMS 0x0000007124200000| PB 0x0000007124200000| Untracked |  0
|  51|0x0000007124300000, 0x0000007124400000, 0x0000007124400000|100%| O|  |TAMS 0x0000007124300000| PB 0x0000007124300000| Untracked |  0
|  52|0x0000007124400000, 0x0000007124500000, 0x0000007124500000|100%| O|  |TAMS 0x0000007124400000| PB 0x0000007124400000| Untracked |  0
|  53|0x0000007124500000, 0x0000007124600000, 0x0000007124600000|100%| O|  |TAMS 0x0000007124500000| PB 0x0000007124500000| Untracked |  0
|  54|0x0000007124600000, 0x0000007124600000, 0x0000007124700000|  0%| F|  |TAMS 0x0000007124600000| PB 0x0000007124600000| Untracked |  0
|  55|0x0000007124700000, 0x0000007124800000, 0x0000007124800000|100%| O|  |TAMS 0x0000007124700000| PB 0x0000007124700000| Untracked |  0
|  56|0x0000007124800000, 0x0000007124900000, 0x0000007124900000|100%| O|  |TAMS 0x0000007124800000| PB 0x0000007124800000| Untracked |  0
|  57|0x0000007124900000, 0x0000007124a00000, 0x0000007124a00000|100%| O|  |TAMS 0x0000007124900000| PB 0x0000007124900000| Untracked |  0
|  58|0x0000007124a00000, 0x0000007124b00000, 0x0000007124b00000|100%| O|  |TAMS 0x0000007124a00000| PB 0x0000007124a00000| Untracked |  0
|  59|0x0000007124b00000, 0x0000007124c00000, 0x0000007124c00000|100%| O|  |TAMS 0x0000007124b00000| PB 0x0000007124b00000| Untracked |  0
|  60|0x0000007124c00000, 0x0000007124d00000, 0x0000007124d00000|100%| O|  |TAMS 0x0000007124c00000| PB 0x0000007124c00000| Untracked |  0
|  61|0x0000007124d00000, 0x0000007124e00000, 0x0000007124e00000|100%| O|  |TAMS 0x0000007124d00000| PB 0x0000007124d00000| Untracked |  0
|  62|0x0000007124e00000, 0x0000007124f00000, 0x0000007124f00000|100%|HS|  |TAMS 0x0000007124e00000| PB 0x0000007124e00000| Complete |  0
|  63|0x0000007124f00000, 0x0000007125000000, 0x0000007125000000|100%|HC|  |TAMS 0x0000007124f00000| PB 0x0000007124f00000| Complete |  0
|  64|0x0000007125000000, 0x0000007125100000, 0x0000007125100000|100%|HC|  |TAMS 0x0000007125000000| PB 0x0000007125000000| Complete |  0
|  65|0x0000007125100000, 0x0000007125200000, 0x0000007125200000|100%|HC|  |TAMS 0x0000007125100000| PB 0x0000007125100000| Complete |  0
|  66|0x0000007125200000, 0x0000007125300000, 0x0000007125300000|100%|HC|  |TAMS 0x0000007125200000| PB 0x0000007125200000| Complete |  0
|  67|0x0000007125300000, 0x0000007125400000, 0x0000007125400000|100%|HS|  |TAMS 0x0000007125300000| PB 0x0000007125300000| Complete |  0
|  68|0x0000007125400000, 0x0000007125500000, 0x0000007125500000|100%|HC|  |TAMS 0x0000007125400000| PB 0x0000007125400000| Complete |  0
|  69|0x0000007125500000, 0x0000007125600000, 0x0000007125600000|100%|HC|  |TAMS 0x0000007125500000| PB 0x0000007125500000| Complete |  0
|  70|0x0000007125600000, 0x0000007125700000, 0x0000007125700000|100%|HC|  |TAMS 0x0000007125600000| PB 0x0000007125600000| Complete |  0
|  71|0x0000007125700000, 0x0000007125800000, 0x0000007125800000|100%|HC|  |TAMS 0x0000007125700000| PB 0x0000007125700000| Complete |  0
|  72|0x0000007125800000, 0x0000007125900000, 0x0000007125900000|100%| O|  |TAMS 0x0000007125800000| PB 0x0000007125800000| Untracked |  0
|  73|0x0000007125900000, 0x0000007125a00000, 0x0000007125a00000|100%| O|  |TAMS 0x0000007125900000| PB 0x0000007125900000| Untracked |  0
|  74|0x0000007125a00000, 0x0000007125b00000, 0x0000007125b00000|100%| O|  |TAMS 0x0000007125a00000| PB 0x0000007125a00000| Untracked |  0
|  75|0x0000007125b00000, 0x0000007125c00000, 0x0000007125c00000|100%| O|  |TAMS 0x0000007125b00000| PB 0x0000007125b00000| Untracked |  0
|  76|0x0000007125c00000, 0x0000007125d00000, 0x0000007125d00000|100%| O|  |TAMS 0x0000007125c00000| PB 0x0000007125c00000| Untracked |  0
|  77|0x0000007125d00000, 0x0000007125e00000, 0x0000007125e00000|100%| O|  |TAMS 0x0000007125d00000| PB 0x0000007125d00000| Untracked |  0
|  78|0x0000007125e00000, 0x0000007125f00000, 0x0000007125f00000|100%| O|  |TAMS 0x0000007125e00000| PB 0x0000007125e00000| Untracked |  0
|  79|0x0000007125f00000, 0x0000007126000000, 0x0000007126000000|100%| O|  |TAMS 0x0000007125f00000| PB 0x0000007125f00000| Untracked |  0
|  80|0x0000007126000000, 0x0000007126100000, 0x0000007126100000|100%| O|  |TAMS 0x0000007126000000| PB 0x0000007126000000| Untracked |  0
|  81|0x0000007126100000, 0x0000007126200000, 0x0000007126200000|100%| O|  |TAMS 0x0000007126100000| PB 0x0000007126100000| Untracked |  0
|  82|0x0000007126200000, 0x0000007126300000, 0x0000007126300000|100%| O|  |TAMS 0x0000007126200000| PB 0x0000007126200000| Untracked |  0
|  83|0x0000007126300000, 0x0000007126400000, 0x0000007126400000|100%| O|  |TAMS 0x0000007126300000| PB 0x0000007126300000| Untracked |  0
|  84|0x0000007126400000, 0x0000007126400000, 0x0000007126500000|  0%| F|  |TAMS 0x0000007126400000| PB 0x0000007126400000| Untracked |  0
|  85|0x0000007126500000, 0x0000007126500000, 0x0000007126600000|  0%| F|  |TAMS 0x0000007126500000| PB 0x0000007126500000| Untracked |  0
|  86|0x0000007126600000, 0x0000007126600000, 0x0000007126700000|  0%| F|  |TAMS 0x0000007126600000| PB 0x0000007126600000| Untracked |  0
|  87|0x0000007126700000, 0x0000007126700000, 0x0000007126800000|  0%| F|  |TAMS 0x0000007126700000| PB 0x0000007126700000| Untracked |  0
|  88|0x0000007126800000, 0x0000007126800000, 0x0000007126900000|  0%| F|  |TAMS 0x0000007126800000| PB 0x0000007126800000| Untracked |  0
|  89|0x0000007126900000, 0x0000007126a00000, 0x0000007126a00000|100%| O|  |TAMS 0x0000007126900000| PB 0x0000007126900000| Untracked |  0
|  90|0x0000007126a00000, 0x0000007126b00000, 0x0000007126b00000|100%| O|  |TAMS 0x0000007126a00000| PB 0x0000007126a00000| Untracked |  0
|  91|0x0000007126b00000, 0x0000007126b80000, 0x0000007126c00000| 50%| O|  |TAMS 0x0000007126b00000| PB 0x0000007126b00000| Untracked |  0
|  92|0x0000007126c00000, 0x0000007126c00000, 0x0000007126d00000|  0%| F|  |TAMS 0x0000007126c00000| PB 0x0000007126c00000| Untracked |  0
|  93|0x0000007126d00000, 0x0000007126d00000, 0x0000007126e00000|  0%| F|  |TAMS 0x0000007126d00000| PB 0x0000007126d00000| Untracked |  0
|  94|0x0000007126e00000, 0x0000007126e00000, 0x0000007126f00000|  0%| F|  |TAMS 0x0000007126e00000| PB 0x0000007126e00000| Untracked |  0
|  95|0x0000007126f00000, 0x0000007126f00000, 0x0000007127000000|  0%| F|  |TAMS 0x0000007126f00000| PB 0x0000007126f00000| Untracked |  0
|  96|0x0000007127000000, 0x0000007127000000, 0x0000007127100000|  0%| F|  |TAMS 0x0000007127000000| PB 0x0000007127000000| Untracked |  0
|  97|0x0000007127100000, 0x0000007127100000, 0x0000007127200000|  0%| F|  |TAMS 0x0000007127100000| PB 0x0000007127100000| Untracked |  0
|  98|0x0000007127200000, 0x0000007127200000, 0x0000007127300000|  0%| F|  |TAMS 0x0000007127200000| PB 0x0000007127200000| Untracked |  0
|  99|0x0000007127300000, 0x0000007127300000, 0x0000007127400000|  0%| F|  |TAMS 0x0000007127300000| PB 0x0000007127300000| Untracked |  0
| 100|0x0000007127400000, 0x0000007127400000, 0x0000007127500000|  0%| F|  |TAMS 0x0000007127400000| PB 0x0000007127400000| Untracked |  0
| 101|0x0000007127500000, 0x0000007127500000, 0x0000007127600000|  0%| F|  |TAMS 0x0000007127500000| PB 0x0000007127500000| Untracked |  0
| 102|0x0000007127600000, 0x0000007127600000, 0x0000007127700000|  0%| F|  |TAMS 0x0000007127600000| PB 0x0000007127600000| Untracked |  0
| 103|0x0000007127700000, 0x00000071277aeb80, 0x0000007127800000| 68%| S|CS|TAMS 0x0000007127700000| PB 0x0000007127700000| Complete |  0
| 104|0x0000007127800000, 0x0000007127900000, 0x0000007127900000|100%| S|CS|TAMS 0x0000007127800000| PB 0x0000007127800000| Complete |  0
| 105|0x0000007127900000, 0x0000007127a00000, 0x0000007127a00000|100%| S|CS|TAMS 0x0000007127900000| PB 0x0000007127900000| Complete |  0
| 106|0x0000007127a00000, 0x0000007127a00000, 0x0000007127b00000|  0%| F|  |TAMS 0x0000007127a00000| PB 0x0000007127a00000| Untracked |  0
| 107|0x0000007127b00000, 0x0000007127b00000, 0x0000007127c00000|  0%| F|  |TAMS 0x0000007127b00000| PB 0x0000007127b00000| Untracked |  0
| 108|0x0000007127c00000, 0x0000007127c00000, 0x0000007127d00000|  0%| F|  |TAMS 0x0000007127c00000| PB 0x0000007127c00000| Untracked |  0
| 109|0x0000007127d00000, 0x0000007127d00000, 0x0000007127e00000|  0%| F|  |TAMS 0x0000007127d00000| PB 0x0000007127d00000| Untracked |  0
| 110|0x0000007127e00000, 0x0000007127e00000, 0x0000007127f00000|  0%| F|  |TAMS 0x0000007127e00000| PB 0x0000007127e00000| Untracked |  0
| 111|0x0000007127f00000, 0x0000007127f00000, 0x0000007128000000|  0%| F|  |TAMS 0x0000007127f00000| PB 0x0000007127f00000| Untracked |  0
| 112|0x0000007128000000, 0x0000007128000000, 0x0000007128100000|  0%| F|  |TAMS 0x0000007128000000| PB 0x0000007128000000| Untracked |  0
| 113|0x0000007128100000, 0x0000007128100000, 0x0000007128200000|  0%| F|  |TAMS 0x0000007128100000| PB 0x0000007128100000| Untracked |  0
| 114|0x0000007128200000, 0x0000007128200000, 0x0000007128300000|  0%| F|  |TAMS 0x0000007128200000| PB 0x0000007128200000| Untracked |  0
| 115|0x0000007128300000, 0x0000007128300000, 0x0000007128400000|  0%| F|  |TAMS 0x0000007128300000| PB 0x0000007128300000| Untracked |  0
| 116|0x0000007128400000, 0x0000007128400000, 0x0000007128500000|  0%| F|  |TAMS 0x0000007128400000| PB 0x0000007128400000| Untracked |  0
| 117|0x0000007128500000, 0x0000007128500000, 0x0000007128600000|  0%| F|  |TAMS 0x0000007128500000| PB 0x0000007128500000| Untracked |  0
| 118|0x0000007128600000, 0x0000007128600000, 0x0000007128700000|  0%| F|  |TAMS 0x0000007128600000| PB 0x0000007128600000| Untracked |  0
| 119|0x0000007128700000, 0x0000007128700000, 0x0000007128800000|  0%| F|  |TAMS 0x0000007128700000| PB 0x0000007128700000| Untracked |  0
| 120|0x0000007128800000, 0x0000007128800000, 0x0000007128900000|  0%| F|  |TAMS 0x0000007128800000| PB 0x0000007128800000| Untracked |  0
| 121|0x0000007128900000, 0x0000007128900000, 0x0000007128a00000|  0%| F|  |TAMS 0x0000007128900000| PB 0x0000007128900000| Untracked |  0
| 122|0x0000007128a00000, 0x0000007128a00000, 0x0000007128b00000|  0%| F|  |TAMS 0x0000007128a00000| PB 0x0000007128a00000| Untracked |  0
| 123|0x0000007128b00000, 0x0000007128b00000, 0x0000007128c00000|  0%| F|  |TAMS 0x0000007128b00000| PB 0x0000007128b00000| Untracked |  0
| 124|0x0000007128c00000, 0x0000007128c00000, 0x0000007128d00000|  0%| F|  |TAMS 0x0000007128c00000| PB 0x0000007128c00000| Untracked |  0
| 125|0x0000007128d00000, 0x0000007128d00000, 0x0000007128e00000|  0%| F|  |TAMS 0x0000007128d00000| PB 0x0000007128d00000| Untracked |  0
| 126|0x0000007128e00000, 0x0000007128e00000, 0x0000007128f00000|  0%| F|  |TAMS 0x0000007128e00000| PB 0x0000007128e00000| Untracked |  0
| 127|0x0000007128f00000, 0x0000007129000000, 0x0000007129000000|100%| E|  |TAMS 0x0000007128f00000| PB 0x0000007128f00000| Complete |  0
|2043|0x00000071a0b00000, 0x00000071a0c00000, 0x00000071a0c00000|100%| O|  |TAMS 0x00000071a0b00000| PB 0x00000071a0b00000| Untracked |  0
|2044|0x00000071a0c00000, 0x00000071a0d00000, 0x00000071a0d00000|100%| O|  |TAMS 0x00000071a0c00000| PB 0x00000071a0c00000| Untracked |  0
|2045|0x00000071a0d00000, 0x00000071a0e00000, 0x00000071a0e00000|100%| O|  |TAMS 0x00000071a0d00000| PB 0x00000071a0d00000| Untracked |  0
|2046|0x00000071a0e00000, 0x00000071a0f00000, 0x00000071a0f00000|100%| O|  |TAMS 0x00000071a0e00000| PB 0x00000071a0e00000| Untracked |  0
|2047|0x00000071a0f00000, 0x00000071a1000000, 0x00000071a1000000|100%| O|  |TAMS 0x00000071a0f00000| PB 0x00000071a0f00000| Untracked |  0

Card table byte_map: [0x0000000138800000,0x0000000138c00000] _byte_map_base: 0x00000000ffef8000

Marking Bits: (CMBitMap*) 0x0000000122760710
 Bits: [0x0000000162c38000, 0x0000000164c38000)

Polling page: 0x0000000100edc000

Metaspace:
Metaspace        used 28980K, committed 29120K, reserved 65536K

Usage:
   28.30 MB used.

Virtual space:
     64.00 MB reserved,      28.44 MB ( 44%) committed,  1 nodes.

Chunk freelists:
3.09 MB

MaxMetaspaceSize: unlimited
No class space
Initial GC threshold: 21.00 MB
Current GC threshold: 39.06 MB
CDS: off
 - commit_granule_bytes: 65536.
 - commit_granule_words: 8192.
 - virtual_space_node_default_size: 8388608.
 - enlarge_chunks_in_place: 1.
UseCompressedClassPointers 0, UseCompactObjectHeaders 0
UseCompressedClassPointers off


Internal statistics:

num_allocs_failed_limit: 3.
num_arena_births: 196.
num_arena_deaths: 0.
num_vsnodes_births: 1.
num_vsnodes_deaths: 0.
num_space_committed: 455.
num_space_uncommitted: 0.
num_chunks_returned_to_freelist: 3.
num_chunks_taken_from_freelist: 625.
num_chunk_merges: 3.
num_chunk_splits: 430.
num_chunks_enlarged: 344.
num_inconsistent_stats: 0.

CodeCache: size=65536Kb used=5881Kb max_used=5894Kb free=59654Kb
 bounds [0x000000015ac38000, 0x000000015bc38000, 0x000000015ec38000]
 total_blobs=3577, nmethods=2336, adapters=1149, full_count=0
Compilation: enabled, stopped_count=0, restarted_count=0

Compilation events (20 events):
Event: 1.143 Thread 0x0000000154b76800 2513       3       java.lang.reflect.Constructor::<init> (50 bytes)
Event: 1.143 Thread 0x0000000154b76800 nmethod 2513 0x000000015b1ece88 code [0x000000015b1ecf80, 0x000000015b1ed3d8]
Event: 1.143 Thread 0x0000000154b76800 2517       1       java.util.concurrent.locks.AbstractQueuedLongSynchronizer::getState (5 bytes)
Event: 1.143 Thread 0x0000000154b76800 nmethod 2517 0x000000015b1ecb08 code [0x000000015b1ecc00, 0x000000015b1ecce8]
Event: 1.143 Thread 0x0000000154b76800 2525       3       java.lang.invoke.LambdaForm$Name::<init> (20 bytes)
Event: 1.143 Thread 0x0000000154b76800 nmethod 2525 0x000000015b1eb388 code [0x000000015b1eb480, 0x000000015b1ebec0]
Event: 1.143 Thread 0x0000000154b76800 2528       3       java.lang.String::split (148 bytes)
Event: 1.144 Thread 0x0000000154b76800 nmethod 2528 0x000000015b1e9688 code [0x000000015b1e9780, 0x000000015b1eb368]
Event: 1.144 Thread 0x00000001250f6800 2529       4       jdk.internal.classfile.impl.BufWriterImpl::writeU1 (24 bytes)
Event: 1.145 Thread 0x00000001250f6800 nmethod 2529 0x000000015b1e3088 code [0x000000015b1e3180, 0x000000015b1e3430]
Event: 1.152 Thread 0x0000000154b76800 2530       3       sun.nio.fs.UnixPath::resolve (103 bytes)
Event: 1.152 Thread 0x0000000154b76800 nmethod 2530 0x000000015b1e2988 code [0x000000015b1e2a80, 0x000000015b1e3048]
Event: 1.160 Thread 0x0000000154b76800 2531       3       java.lang.Module::allows (60 bytes)
Event: 1.160 Thread 0x0000000154b76800 nmethod 2531 0x000000015b1e21c8 code [0x000000015b1e22c0, 0x000000015b1e2938]
Event: 1.162 Thread 0x0000000154b76800 2533       3       jdk.internal.classfile.impl.AbstractPoolEntry$ClassEntryImpl::clone (9 bytes)
Event: 1.162 Thread 0x0000000154b76800 nmethod 2533 0x000000015b1e1c88 code [0x000000015b1e1d80, 0x000000015b1e2028]
Event: 1.162 Thread 0x0000000154b76800 2534       3       jdk.internal.classfile.impl.SplitConstantPool::cloneClassEntry (84 bytes)
Event: 1.162 Thread 0x0000000154b76800 nmethod 2534 0x000000015b1e1288 code [0x000000015b1e1380, 0x000000015b1e1c68]
Event: 1.164 Thread 0x0000000154b76800 2535       3       jdk.internal.classfile.impl.SplitConstantPool::tryFindUtf8 (100 bytes)
Event: 1.164 Thread 0x0000000154b76800 nmethod 2535 0x000000015b1e6048 code [0x000000015b1e6140, 0x000000015b1e6b90]

GC Heap Usage History (14 events):
Event: 0.445 {heap Before GC invocations=0 (full 0):
 garbage-first heap   total reserved 2097152K, committed 131072K, used 33792K [0x0000007121000000, 0x00000071a1000000)
  region size 1024K, 10 young (10240K), 0 survivors (0K)
}
Event: 0.446 {heap After GC invocations=1 (full 0):
 garbage-first heap   total reserved 2097152K, committed 131072K, used 25216K [0x0000007121000000, 0x00000071a1000000)
  region size 1024K, 2 young (2048K), 2 survivors (2048K)
}
Event: 0.637 {heap Before GC invocations=1 (full 0):
 garbage-first heap   total reserved 2097152K, committed 131072K, used 76416K [0x0000007121000000, 0x00000071a1000000)
  region size 1024K, 42 young (43008K), 2 survivors (2048K)
}
Event: 0.639 {heap After GC invocations=2 (full 0):
 garbage-first heap   total reserved 2097152K, committed 131072K, used 36304K [0x0000007121000000, 0x00000071a1000000)
  region size 1024K, 6 young (6144K), 6 survivors (6144K)
}
Event: 0.681 {heap Before GC invocations=2 (full 0):
 garbage-first heap   total reserved 2097152K, committed 131072K, used 40400K [0x0000007121000000, 0x00000071a1000000)
  region size 1024K, 11 young (11264K), 6 survivors (6144K)
}
Event: 0.682 {heap After GC invocations=3 (full 0):
 garbage-first heap   total reserved 2097152K, committed 131072K, used 36516K [0x0000007121000000, 0x00000071a1000000)
  region size 1024K, 1 young (1024K), 1 survivors (1024K)
}
Event: 0.802 {heap Before GC invocations=4 (full 0):
 garbage-first heap   total reserved 2097152K, committed 131072K, used 95908K [0x0000007121000000, 0x00000071a1000000)
  region size 1024K, 50 young (51200K), 1 survivors (1024K)
}
Event: 0.807 {heap After GC invocations=5 (full 0):
 garbage-first heap   total reserved 2097152K, committed 131072K, used 58991K [0x0000007121000000, 0x00000071a1000000)
  region size 1024K, 7 young (7168K), 7 survivors (7168K)
}
Event: 0.814 {heap Before GC invocations=5 (full 0):
 garbage-first heap   total reserved 2097152K, committed 131072K, used 65135K [0x0000007121000000, 0x00000071a1000000)
  region size 1024K, 10 young (10240K), 7 survivors (7168K)
}
Event: 0.816 {heap After GC invocations=6 (full 0):
 garbage-first heap   total reserved 2097152K, committed 131072K, used 63465K [0x0000007121000000, 0x00000071a1000000)
  region size 1024K, 1 young (1024K), 1 survivors (1024K)
}
Event: 0.871 {heap Before GC invocations=7 (full 0):
 garbage-first heap   total reserved 2097152K, committed 131072K, used 112617K [0x0000007121000000, 0x00000071a1000000)
  region size 1024K, 39 young (39936K), 1 survivors (1024K)
}
Event: 0.876 {heap After GC invocations=8 (full 0):
 garbage-first heap   total reserved 2097152K, committed 136192K, used 91136K [0x0000007121000000, 0x00000071a1000000)
  region size 1024K, 5 young (5120K), 5 survivors (5120K)
}
Event: 1.095 {heap Before GC invocations=8 (full 0):
 garbage-first heap   total reserved 2097152K, committed 136192K, used 117760K [0x0000007121000000, 0x00000071a1000000)
  region size 1024K, 27 young (27648K), 5 survivors (5120K)
}
Event: 1.097 {heap After GC invocations=9 (full 0):
 garbage-first heap   total reserved 2097152K, committed 136192K, used 90298K [0x0000007121000000, 0x00000071a1000000)
  region size 1024K, 3 young (3072K), 3 survivors (3072K)
}

Metaspace Usage History (14 events):
Event: 0.445 {metaspace Before GC invocations=0 (full 0):
 Metaspace       used 13690K, committed 13760K, reserved 65536K
}
Event: 0.446 {metaspace After GC invocations=1 (full 0):
 Metaspace       used 13690K, committed 13760K, reserved 65536K
}
Event: 0.637 {metaspace Before GC invocations=1 (full 0):
 Metaspace       used 19404K, committed 19456K, reserved 65536K
}
Event: 0.639 {metaspace After GC invocations=2 (full 0):
 Metaspace       used 19404K, committed 19456K, reserved 65536K
}
Event: 0.681 {metaspace Before GC invocations=2 (full 0):
 Metaspace       used 21418K, committed 21504K, reserved 65536K
}
Event: 0.682 {metaspace After GC invocations=3 (full 0):
 Metaspace       used 21418K, committed 21504K, reserved 65536K
}
Event: 0.802 {metaspace Before GC invocations=4 (full 0):
 Metaspace       used 23861K, committed 23936K, reserved 65536K
}
Event: 0.807 {metaspace After GC invocations=5 (full 0):
 Metaspace       used 23861K, committed 23936K, reserved 65536K
}
Event: 0.814 {metaspace Before GC invocations=5 (full 0):
 Metaspace       used 23863K, committed 23936K, reserved 65536K
}
Event: 0.816 {metaspace After GC invocations=6 (full 0):
 Metaspace       used 23863K, committed 23936K, reserved 65536K
}
Event: 0.871 {metaspace Before GC invocations=7 (full 0):
 Metaspace       used 25208K, committed 25344K, reserved 65536K
}
Event: 0.876 {metaspace After GC invocations=8 (full 0):
 Metaspace       used 25208K, committed 25344K, reserved 65536K
}
Event: 1.095 {metaspace Before GC invocations=8 (full 0):
 Metaspace       used 28820K, committed 28992K, reserved 65536K
}
Event: 1.097 {metaspace After GC invocations=9 (full 0):
 Metaspace       used 28820K, committed 28992K, reserved 65536K
}

Dll operation events (20 events):
Event: 0.467 Attempting to load shared library /private/var/mobile/Containers/Data/Application/B5BBE0C6-B563-4D72-BB69-692D4C4C3EC0/Documents/Applications/com.air-devs.air_812038066.app/Frameworks/libAmethystAccountJNI.dylib
Event: 0.473 Loaded shared library /private/var/mobile/Containers/Data/Application/B5BBE0C6-B563-4D72-BB69-692D4C4C3EC0/Documents/Applications/com.air-devs.air_812038066.app/Frameworks/libAmethystAccountJNI.dylib
Event: 0.529 Attempting to load shared library /private/var/mobile/Containers/Data/Application/B5BBE0C6-B563-4D72-BB69-692D4C4C3EC0/Documents/Applications/com.air-devs.air_812038066.app/java_runtimes/java-25-openjdk/lib/libmanagement.dylib
Event: 0.535 Loaded shared library /private/var/mobile/Containers/Data/Application/B5BBE0C6-B563-4D72-BB69-692D4C4C3EC0/Documents/Applications/com.air-devs.air_812038066.app/java_runtimes/java-25-openjdk/lib/libmanagement.dylib
Event: 0.536 Attempting to load shared library /private/var/mobile/Containers/Data/Application/B5BBE0C6-B563-4D72-BB69-692D4C4C3EC0/Documents/Applications/com.air-devs.air_812038066.app/java_runtimes/java-25-openjdk/lib/libmanagement_ext.dylib
Event: 0.541 Loaded shared library /private/var/mobile/Containers/Data/Application/B5BBE0C6-B563-4D72-BB69-692D4C4C3EC0/Documents/Applications/com.air-devs.air_812038066.app/java_runtimes/java-25-openjdk/lib/libmanagement_ext.dylib
Event: 0.968 Attempting to load shared library /private/var/mobile/Containers/Data/Application/B5BBE0C6-B563-4D72-BB69-692D4C4C3EC0/Documents/Applications/com.air-devs.air_812038066.app/AngelAuraAmethyst
Event: 0.969 Loaded shared library /private/var/mobile/Containers/Data/Application/B5BBE0C6-B563-4D72-BB69-692D4C4C3EC0/Documents/Applications/com.air-devs.air_812038066.app/AngelAuraAmethyst
Event: 0.979 Attempting to load shared library /private/var/mobile/Containers/Data/Application/B5BBE0C6-B563-4D72-BB69-692D4C4C3EC0/Documents/Applications/com.air-devs.air_812038066.app/java_runtimes/java-25-openjdk/lib/liblwjgl.dylib
Event: 0.979 Loading shared library /private/var/mobile/Containers/Data/Application/B5BBE0C6-B563-4D72-BB69-692D4C4C3EC0/Documents/Applications/com.air-devs.air_812038066.app/java_runtimes/java-25-openjdk/lib/liblwjgl.dylib failed, dlopen(/private/var/mobile/Container
Event: 0.980 Attempting to load shared library /private/var/mobile/Containers/Data/Application/B5BBE0C6-B563-4D72-BB69-692D4C4C3EC0/Documents/Applications/com.air-devs.air_812038066.app/java_runtimes/java-25-openjdk/lib/liblwjgl.jnilib
Event: 0.980 Loading shared library /private/var/mobile/Containers/Data/Application/B5BBE0C6-B563-4D72-BB69-692D4C4C3EC0/Documents/Applications/com.air-devs.air_812038066.app/java_runtimes/java-25-openjdk/lib/liblwjgl.jnilib failed, dlopen(/private/var/mobile/Containe
Event: 0.981 Attempting to load shared library /private/var/mobile/Containers/Data/Application/B5BBE0C6-B563-4D72-BB69-692D4C4C3EC0/Documents/Applications/com.air-devs.air_812038066.app/Frameworks/liblwjgl.dylib
Event: 0.987 Loaded shared library /private/var/mobile/Containers/Data/Application/B5BBE0C6-B563-4D72-BB69-692D4C4C3EC0/Documents/Applications/com.air-devs.air_812038066.app/Frameworks/liblwjgl.dylib
Event: 1.145 Attempting to load shared library /private/var/mobile/Containers/Data/Application/B5BBE0C6-B563-4D72-BB69-692D4C4C3EC0/Documents/Applications/com.air-devs.air_812038066.app/java_runtimes/java-25-openjdk/lib/liblwjgl_stb.dylib
Event: 1.145 Loading shared library /private/var/mobile/Containers/Data/Application/B5BBE0C6-B563-4D72-BB69-692D4C4C3EC0/Documents/Applications/com.air-devs.air_812038066.app/java_runtimes/java-25-openjdk/lib/liblwjgl_stb.dylib failed, dlopen(/private/var/mobile/Conta
Event: 1.146 Attempting to load shared library /private/var/mobile/Containers/Data/Application/B5BBE0C6-B563-4D72-BB69-692D4C4C3EC0/Documents/Applications/com.air-devs.air_812038066.app/java_runtimes/java-25-openjdk/lib/liblwjgl_stb.jnilib
Event: 1.146 Loading shared library /private/var/mobile/Containers/Data/Application/B5BBE0C6-B563-4D72-BB69-692D4C4C3EC0/Documents/Applications/com.air-devs.air_812038066.app/java_runtimes/java-25-openjdk/lib/liblwjgl_stb.jnilib failed, dlopen(/private/var/mobile/Cont
Event: 1.146 Attempting to load shared library /private/var/mobile/Containers/Data/Application/B5BBE0C6-B563-4D72-BB69-692D4C4C3EC0/Documents/Applications/com.air-devs.air_812038066.app/Frameworks/liblwjgl_stb.dylib
Event: 1.152 Loaded shared library /private/var/mobile/Containers/Data/Application/B5BBE0C6-B563-4D72-BB69-692D4C4C3EC0/Documents/Applications/com.air-devs.air_812038066.app/Frameworks/liblwjgl_stb.dylib

Deoptimization events (20 events):
Event: 0.977 Thread 0x0000000154b69800 DEOPT PACKING pc=0x000000015b13f0a0 sp=0x0000000171b97440
Event: 0.977 Thread 0x0000000154b69800 DEOPT UNPACKING pc=0x000000015ad4911c sp=0x0000000171b973e0 mode 2
Event: 0.977 Thread 0x0000000154b69800 Uncommon trap: trap_request=0xffffffd6 fr.pc=0x000000015b13f0a0 relative=0x00000000000001e0
Event: 0.977 Thread 0x0000000154b69800 Uncommon trap: reason=array_check action=maybe_recompile pc=0x000000015b13f0a0 method=java.util.Arrays.fill([Ljava/lang/Object;Ljava/lang/Object;)V @ 13 c2
Event: 0.977 Thread 0x0000000154b69800 DEOPT PACKING pc=0x000000015b13f0a0 sp=0x0000000171b97200
Event: 0.977 Thread 0x0000000154b69800 DEOPT UNPACKING pc=0x000000015ad4911c sp=0x0000000171b971a0 mode 2
Event: 0.977 Thread 0x0000000154b69800 Uncommon trap: trap_request=0xffffffd6 fr.pc=0x000000015b13f0a0 relative=0x00000000000001e0
Event: 0.977 Thread 0x0000000154b69800 Uncommon trap: reason=array_check action=maybe_recompile pc=0x000000015b13f0a0 method=java.util.Arrays.fill([Ljava/lang/Object;Ljava/lang/Object;)V @ 13 c2
Event: 0.977 Thread 0x0000000154b69800 DEOPT PACKING pc=0x000000015b13f0a0 sp=0x0000000171b97200
Event: 0.977 Thread 0x0000000154b69800 DEOPT UNPACKING pc=0x000000015ad4911c sp=0x0000000171b971a0 mode 2
Event: 0.977 Thread 0x0000000154b69800 Uncommon trap: trap_request=0xffffffd6 fr.pc=0x000000015b13f0a0 relative=0x00000000000001e0
Event: 0.977 Thread 0x0000000154b69800 Uncommon trap: reason=array_check action=maybe_recompile pc=0x000000015b13f0a0 method=java.util.Arrays.fill([Ljava/lang/Object;Ljava/lang/Object;)V @ 13 c2
Event: 0.977 Thread 0x0000000154b69800 DEOPT PACKING pc=0x000000015b13f0a0 sp=0x0000000171b97200
Event: 0.977 Thread 0x0000000154b69800 DEOPT UNPACKING pc=0x000000015ad4911c sp=0x0000000171b971a0 mode 2
Event: 1.143 Thread 0x0000000154b69800 Uncommon trap: trap_request=0xffffff54 fr.pc=0x000000015aec9c40 relative=0x0000000000000080
Event: 1.143 Thread 0x0000000154b69800 Uncommon trap: reason=speculate_null_check action=make_not_entrant pc=0x000000015aec9c40 method=jdk.internal.misc.Unsafe.getLongUnaligned(Ljava/lang/Object;JZ)J @ 5 c2
Event: 1.143 Thread 0x0000000154b69800 DEOPT PACKING pc=0x000000015aec9c40 sp=0x0000000171b9dc50
Event: 1.143 Thread 0x0000000154b69800 DEOPT UNPACKING pc=0x000000015ad4911c sp=0x0000000171b9dbe0 mode 2
Event: 1.160 Thread 0x0000000154b69800 DEOPT PACKING pc=0x000000015afd3438 sp=0x0000000171b9d340
Event: 1.160 Thread 0x0000000154b69800 DEOPT UNPACKING pc=0x000000015ac750bc sp=0x0000000171b9d040 mode 3

Classes loaded (20 events):
Event: 1.144 Loading class org/lwjgl/stb/LibSTB
Event: 1.144 Loading class org/lwjgl/stb/LibSTB done
Event: 1.158 Loading class net/neoforged/fml/earlydisplay/theme/ImageLoader$Result$Success
Event: 1.158 Loading class net/neoforged/fml/earlydisplay/theme/ImageLoader$Result$Success done
Event: 1.158 Loading class net/neoforged/fml/earlydisplay/theme/UncompressedImage
Event: 1.158 Loading class net/neoforged/fml/earlydisplay/theme/UncompressedImage done
Event: 1.160 Loading class net/neoforged/fml/earlydisplay/theme/ImageLoader$Result
Event: 1.160 Loading class net/neoforged/fml/earlydisplay/theme/ImageLoader$Result done
Event: 1.160 Loading class net/neoforged/fml/earlydisplay/theme/ImageLoader$Result$Error
Event: 1.160 Loading class net/neoforged/fml/earlydisplay/theme/ImageLoader$Result$Error done
Event: 1.160 Loading class org/lwjgl/system/MemoryUtilTunables
Event: 1.160 Loading class org/lwjgl/system/MemoryUtilTunables done
Event: 1.162 Loading class net/neoforged/fml/earlydisplay/DisplayWindow
Event: 1.162 Loading class net/neoforged/fml/earlydisplay/DisplayWindow done
Event: 1.162 Loading class org/lwjgl/glfw/GLFWWindowSizeCallback$Container
Event: 1.162 Loading class org/lwjgl/glfw/GLFWWindowSizeCallback$Container done
Event: 1.164 Loading class android/util/MapCollections$KeySet
Event: 1.164 Loading class android/util/MapCollections$KeySet done
Event: 1.164 Loading class android/util/MapCollections$ArrayIterator
Event: 1.164 Loading class android/util/MapCollections$ArrayIterator done

Classes unloaded (0 events):
No events

Classes redefined (0 events):
No events

Internal exceptions (20 events):
Event: 0.963 Thread 0x0000000154b69800 Exception <a 'java/lang/NoSuchMethodError'{0x0000007127fce240}: 'java.lang.Object java.lang.invoke.DirectMethodHandle$Holder.invokeSpecial(java.lang.Object, java.lang.Object, java.lang.Object, java.lang.Object, java.lang.Object, int)'> (0x0000007127fce240) 
thrown [src/hotspot/share/interpreter/linkResolver.cpp, line 804]
Event: 0.964 Thread 0x0000000154b69800 Exception <a 'java/lang/NoSuchMethodError'{0x0000007127e1a100}: 'java.lang.Object java.lang.invoke.DelegatingMethodHandle$Holder.reinvoke_L(java.lang.Object, int, int, int)'> (0x0000007127e1a100) 
thrown [src/hotspot/share/interpreter/linkResolver.cpp, line 804]
Event: 0.964 Thread 0x0000000154b69800 Exception <a 'java/lang/NoSuchMethodError'{0x0000007127e3e438}: 'java.lang.Object java.lang.invoke.DirectMethodHandle$Holder.newInvokeSpecial(java.lang.Object, java.lang.Object, java.lang.Object, java.lang.Object, java.lang.Object, java.lang.Object, java.lang.Object)'> (0x0000007127e3e438) 
thrown [src/hotspot/share/interpreter/linkResolver.cpp, line 804]
Event: 0.965 Thread 0x0000000154b69800 Exception <a 'java/lang/NoSuchMethodError'{0x0000007127e83780}: 'java.lang.Object java.lang.invoke.DirectMethodHandle$Holder.invokeStatic(java.lang.Object, java.lang.Object, java.lang.Object, java.lang.Object, java.lang.Object, java.lang.Object, java.lang.Object, java.lang.Object, java.lang.Object)'> (0x0000007127e83780) 
thrown [src/hotspot/share/interpreter/linkResolver.cpp, line 804]
Event: 0.965 Thread 0x0000000154b69800 Exception <a 'java/lang/NoSuchMethodError'{0x0000007127eab8f8}: 'java.lang.Object java.lang.invoke.DirectMethodHandle$Holder.invokeStatic(java.lang.Object, java.lang.Object, java.lang.Object, java.lang.Object, java.lang.Object, java.lang.Object, java.lang.Object, java.lang.Object, java.lang.Object, java.lang.Object)'> (0x0000007127eab8f8) 
thrown [src/hotspot/share/interpreter/linkResolver.cpp, line 804]
Event: 0.971 Thread 0x0000000154b69800 Exception <a 'java/lang/NoSuchMethodError'{0x0000007127d65650}: 'java.lang.Object java.lang.invoke.DirectMethodHandle$Holder.newInvokeSpecial(java.lang.Object, long)'> (0x0000007127d65650) 
thrown [src/hotspot/share/interpreter/linkResolver.cpp, line 804]
Event: 0.972 Thread 0x0000000154b69800 Exception <a 'java/lang/NoClassDefFoundError'{0x0000007127d75b08}: net/java/openjdk/cacio/ctc/CTCClipboard> (0x0000007127d75b08) 
thrown [src/hotspot/share/classfile/systemDictionary.cpp, line 317]
Event: 0.972 Thread 0x0000000154b69800 Exception <a 'java/lang/NoClassDefFoundError'{0x0000007127d768c0}: net/java/openjdk/cacio/ctc/CTCDesktopPeer> (0x0000007127d768c0) 
thrown [src/hotspot/share/classfile/systemDictionary.cpp, line 317]
Event: 0.977 Thread 0x0000000154b69800 Exception <a 'java/lang/NoSuchMethodError'{0x0000007127c870f0}: 'void java.lang.System.load(java.lang.String, java.lang.Class)'> (0x0000007127c870f0) 
thrown [src/hotspot/share/interpreter/linkResolver.cpp, line 804]
Event: 0.977 Thread 0x0000000154b69800 Exception <a 'java/lang/NoSuchMethodError'{0x0000007127cb20a0}: 'void java.lang.System.loadLibrary(java.lang.String, java.lang.Class)'> (0x0000007127cb20a0) 
thrown [src/hotspot/share/interpreter/linkResolver.cpp, line 804]
Event: 0.990 Thread 0x0000000154b69800 Exception <a 'java/lang/NoSuchMethodError'{0x0000007127b06c58}: 'int java.lang.invoke.DirectMethodHandle$Holder.invokeStaticInit(java.lang.Object, java.lang.Object, int, long)'> (0x0000007127b06c58) 
thrown [src/hotspot/share/interpreter/linkResolver.cpp, line 804]
Event: 0.991 Thread 0x0000000154b69800 Exception <a 'java/lang/NoSuchMethodError'{0x0000007127b16630}: 'java.lang.Object java.lang.invoke.DirectMethodHandle$Holder.newInvokeSpecial(java.lang.Object, java.lang.Object, int)'> (0x0000007127b16630) 
thrown [src/hotspot/share/interpreter/linkResolver.cpp, line 804]
Event: 1.002 Thread 0x0000000154b69800 Exception <a 'java/lang/NoSuchMethodError'{0x0000007127b2ebf0}: 'int java.lang.invoke.DirectMethodHandle$Holder.invokeStaticInit(java.lang.Object, java.lang.Object, long, long)'> (0x0000007127b2ebf0) 
thrown [src/hotspot/share/interpreter/linkResolver.cpp, line 804]
Event: 1.002 Thread 0x0000000154b69800 Exception <a 'java/lang/NoSuchMethodError'{0x0000007127b3e648}: 'java.lang.Object java.lang.invoke.DirectMethodHandle$Holder.newInvokeSpecial(java.lang.Object, java.lang.Object, long)'> (0x0000007127b3e648) 
thrown [src/hotspot/share/interpreter/linkResolver.cpp, line 804]
Event: 1.002 Thread 0x0000000154b69800 Exception <a 'java/lang/NoSuchMethodError'{0x0000007127b474d0}: 'java.lang.Object java.lang.invoke.Invokers$Holder.linkToTargetMethod(java.lang.Object, long, java.lang.Object)'> (0x0000007127b474d0) 
thrown [src/hotspot/share/interpreter/linkResolver.cpp, line 804]
Event: 1.002 Thread 0x0000000154b69800 Exception <a 'java/lang/NoSuchMethodError'{0x0000007127b583a8}: 'int java.lang.invoke.DirectMethodHandle$Holder.invokeStaticInit(java.lang.Object, java.lang.Object, java.lang.Object, long)'> (0x0000007127b583a8) 
thrown [src/hotspot/share/interpreter/linkResolver.cpp, line 804]
Event: 1.081 Thread 0x0000000154b69800 Exception <a 'java/lang/NoSuchMethodError'{0x0000007127a18c08}: 'int java.lang.invoke.Invokers$Holder.invokeExact_MT(java.lang.Object, java.lang.Object)'> (0x0000007127a18c08) 
thrown [src/hotspot/share/interpreter/linkResolver.cpp, line 804]
Event: 1.142 Thread 0x0000000154b69800 Exception <a 'sun/nio/fs/UnixException'{0x0000007128f593b0}> (0x0000007128f593b0) 
thrown [src/hotspot/share/prims/jni.cpp, line 516]
Event: 1.144 Thread 0x0000000154b69800 Exception <a 'java/lang/NoSuchMethodError'{0x0000007128f94ed0}: 'void java.lang.System.load(java.lang.String, java.lang.Class)'> (0x0000007128f94ed0) 
thrown [src/hotspot/share/interpreter/linkResolver.cpp, line 804]
Event: 1.144 Thread 0x0000000154b69800 Exception <a 'java/lang/NoSuchMethodError'{0x0000007128f9d038}: 'void java.lang.System.loadLibrary(java.lang.String, java.lang.Class)'> (0x0000007128f9d038) 
thrown [src/hotspot/share/interpreter/linkResolver.cpp, line 804]

VM Operations (20 events):
Event: 0.821 Executing safepoint VM operation: G1PauseRemark
Event: 0.822 Executing safepoint VM operation: G1PauseRemark done
Event: 0.824 Executing safepoint VM operation: G1PauseCleanup
Event: 0.824 Executing safepoint VM operation: G1PauseCleanup done
Event: 0.830 Executing non-safepoint VM operation: HandshakeAllThreads (Deoptimize)
Event: 0.830 Executing non-safepoint VM operation: HandshakeAllThreads (Deoptimize) done
Event: 0.837 Executing non-safepoint VM operation: HandshakeAllThreads (Deoptimize)
Event: 0.837 Executing non-safepoint VM operation: HandshakeAllThreads (Deoptimize) done
Event: 0.838 Executing non-safepoint VM operation: HandshakeAllThreads (Deoptimize)
Event: 0.838 Executing non-safepoint VM operation: HandshakeAllThreads (Deoptimize) done
Event: 0.844 Executing non-safepoint VM operation: HandshakeAllThreads (Deoptimize)
Event: 0.844 Executing non-safepoint VM operation: HandshakeAllThreads (Deoptimize) done
Event: 0.871 Executing safepoint VM operation: G1CollectForAllocation (G1 Evacuation Pause)
Event: 0.876 Executing safepoint VM operation: G1CollectForAllocation (G1 Evacuation Pause) done
Event: 0.895 Executing non-safepoint VM operation: HandshakeAllThreads (Deoptimize)
Event: 0.895 Executing non-safepoint VM operation: HandshakeAllThreads (Deoptimize) done
Event: 0.958 Executing non-safepoint VM operation: HandshakeAllThreads (Deoptimize)
Event: 0.959 Executing non-safepoint VM operation: HandshakeAllThreads (Deoptimize) done
Event: 1.095 Executing safepoint VM operation: G1CollectForAllocation (G1 Evacuation Pause)
Event: 1.097 Executing safepoint VM operation: G1CollectForAllocation (G1 Evacuation Pause) done

Memory protections (20 events):
Event: 0.347 Protecting memory [0x000000017ee5c000,0x000000017ee68000] with protection modes 0
Event: 0.394 Protecting memory [0x00000071a501c000,0x00000071a5028000] with protection modes 0
Event: 0.395 Protecting memory [0x00000071a7028000,0x00000071a7034000] with protection modes 0
Event: 0.425 Protecting memory [0x00000071a9034000,0x00000071a9040000] with protection modes 0
Event: 0.526 Protecting memory [0x00000071ab040000,0x00000071ab04c000] with protection modes 0
Event: 0.608 Protecting memory [0x000000017fcb0000,0x000000017fcbc000] with protection modes 0
Event: 0.736 Protecting memory [0x00000071ad258000,0x00000071ad264000] with protection modes 0
Event: 0.738 Protecting memory [0x00000071ad258000,0x00000071ad264000] with protection modes 3
Event: 0.744 Protecting memory [0x00000071ad258000,0x00000071ad264000] with protection modes 0
Event: 0.744 Protecting memory [0x00000071ad258000,0x00000071ad264000] with protection modes 3
Event: 0.930 Protecting memory [0x00000071ad258000,0x00000071ad264000] with protection modes 0
Event: 0.930 Protecting memory [0x00000071af264000,0x00000071af270000] with protection modes 0
Event: 0.930 Protecting memory [0x00000071b1270000,0x00000071b127c000] with protection modes 0
Event: 0.930 Protecting memory [0x00000071b327c000,0x00000071b3288000] with protection modes 0
Event: 0.930 Protecting memory [0x00000071b5288000,0x00000071b5294000] with protection modes 0
Event: 0.930 Protecting memory [0x00000071b7294000,0x00000071b72a0000] with protection modes 0
Event: 0.930 Protecting memory [0x00000071b92a0000,0x00000071b92ac000] with protection modes 0
Event: 0.931 Protecting memory [0x00000071bb2ac000,0x00000071bb2b8000] with protection modes 0
Event: 1.094 Protecting memory [0x000000017fcb0000,0x000000017fcbc000] with protection modes 3
Event: 1.095 Protecting memory [0x00000071bd2b8000,0x00000071bd2c4000] with protection modes 0

Nmethod flushes (20 events):
Event: 0.822 Thread 0x000000012506ac00 flushing  nmethod 0x000000015af09748
Event: 0.822 Thread 0x000000012506ac00 flushing  nmethod 0x000000015af0d348
Event: 0.822 Thread 0x000000012506ac00 flushing  nmethod 0x000000015ade2a08
Event: 0.822 Thread 0x000000012506ac00 flushing  nmethod 0x000000015ade3708
Event: 0.822 Thread 0x000000012506ac00 flushing  nmethod 0x000000015ade3cc8
Event: 0.822 Thread 0x000000012506ac00 flushing  nmethod 0x000000015ade4088
Event: 0.822 Thread 0x000000012506ac00 flushing  nmethod 0x000000015ade5d88
Event: 0.822 Thread 0x000000012506ac00 flushing  nmethod 0x000000015ade6808
Event: 0.822 Thread 0x000000012506ac00 flushing  nmethod 0x000000015ae0ebc8
Event: 0.822 Thread 0x000000012506ac00 flushing  nmethod 0x000000015ae109c8
Event: 0.822 Thread 0x000000012506ac00 flushing  nmethod 0x000000015ae10f08
Event: 0.822 Thread 0x000000012506ac00 flushing  nmethod 0x000000015ae52c88
Event: 0.822 Thread 0x000000012506ac00 flushing  nmethod 0x000000015ae532c8
Event: 0.822 Thread 0x000000012506ac00 flushing  nmethod 0x000000015ae562c8
Event: 0.822 Thread 0x000000012506ac00 flushing  nmethod 0x000000015ae81048
Event: 0.822 Thread 0x000000012506ac00 flushing  nmethod 0x000000015aeb3408
Event: 0.822 Thread 0x000000012506ac00 flushing  nmethod 0x000000015aeb4708
Event: 0.822 Thread 0x000000012506ac00 flushing  nmethod 0x000000015aeb7408
Event: 0.822 Thread 0x000000012506ac00 flushing  nmethod 0x000000015aed1b88
Event: 0.822 Thread 0x000000012506ac00 flushing  nmethod 0x000000015af97c48

Events (20 events):
Event: 0.347 Thread 0x0000000154b75e00 Thread added: 0x00000001250f6800
Event: 0.394 Thread 0x0000000154b69800 Thread added: 0x0000000127f39000
Event: 0.395 Thread 0x0000000127f39000 Thread added: 0x0000000127f38800
Event: 0.425 Thread 0x0000000154b69800 Thread added: 0x0000000127f39800
Event: 0.526 Thread 0x0000000154b69800 Thread added: 0x0000000125064000
Event: 0.608 Thread 0x0000000154b76800 Thread added: 0x00000001397fca00
Event: 0.736 Thread 0x0000000154b69800 Thread added: 0x00000001250fb800
Event: 0.738 Thread 0x00000001250fb800 Thread exited: 0x00000001250fb800
Event: 0.744 Thread 0x0000000154b69800 Thread added: 0x00000001250fa800
Event: 0.744 Thread 0x00000001250fa800 Thread exited: 0x00000001250fa800
Event: 0.930 Thread 0x0000000154b69800 Thread added: 0x0000000122685000
Event: 0.930 Thread 0x0000000122685000 Thread added: 0x0000000122686000
Event: 0.930 Thread 0x0000000122686000 Thread added: 0x00000001250fa000
Event: 0.930 Thread 0x0000000122686000 Thread added: 0x00000001217cb800
Event: 0.930 Thread 0x0000000122685000 Thread added: 0x00000001217cb000
Event: 0.930 Thread 0x00000001250fa000 Thread added: 0x00000001217c9000
Event: 0.930 Thread 0x00000001217cb800 Thread added: 0x00000001217ca000
Event: 0.931 Thread 0x0000000154b69800 Thread added: 0x0000000121653800
Event: 1.094 Thread 0x00000001397fca00 Thread exited: 0x00000001397fca00
Event: 1.095 Thread 0x0000000154b69800 Thread added: 0x00000001217a4800


Dynamic libraries:
0x00000002d1280000 	/usr/lib/libSystem.B.dylib
0x0000000191806000 	/usr/lib/libsharedcache.dylib
0x00000002d3afc000 	/usr/lib/system/libcache.dylib
0x00000002d3b01000 	/usr/lib/system/libcommonCrypto.dylib
0x00000002d3b0e000 	/usr/lib/system/libcompiler_rt.dylib
0x00000002d3b12000 	/usr/lib/system/libcopyfile.dylib
0x00000001e3f30000 	/usr/lib/system/libcorecrypto.dylib
0x00000001bfea2000 	/usr/lib/system/libdispatch.dylib
0x0000000191811000 	/usr/lib/system/libdyld.dylib
0x00000002d3c84000 	/usr/lib/system/libmacho.dylib
0x00000002d3c88000 	/usr/lib/system/libremovefile.dylib
0x00000002190bc000 	/usr/lib/system/libsystem_asl.dylib
0x00000002d3c8b000 	/usr/lib/system/libsystem_blocks.dylib
0x00000001992b3000 	/usr/lib/system/libsystem_c.dylib
0x00000002d3c8e000 	/usr/lib/system/libsystem_collections.dylib
0x00000002d3c93000 	/usr/lib/system/libsystem_configuration.dylib
0x00000002183f8000 	/usr/lib/system/libsystem_containermanager.dylib
0x00000001af86b000 	/usr/lib/system/libsystem_coreservices.dylib
0x00000002492c7000 	/usr/lib/system/libsystem_darwin.dylib
0x00000002d3c98000 	/usr/lib/system/libsystem_darwindirectory.dylib
0x0000000237957000 	/usr/lib/system/libsystem_dnssd.dylib
0x00000002d3c9c000 	/usr/lib/system/libsystem_eligibility.dylib
0x000000024930f000 	/usr/lib/system/libsystem_featureflags.dylib
0x00000001a1366000 	/usr/lib/system/libsystem_info.dylib
0x00000002d3ca7000 	/usr/lib/system/libsystem_m.dylib
0x00000001918fb000 	/usr/lib/system/libsystem_malloc.dylib
0x00000001bc56b000 	/usr/lib/system/libsystem_networkextension.dylib
0x00000002d3ce5000 	/usr/lib/system/libsystem_notify.dylib
0x00000002d3cf2000 	/usr/lib/system/libsystem_sandbox.dylib
0x00000002d3cf8000 	/usr/lib/system/libsystem_sanitizers.dylib
0x00000002492d1000 	/usr/lib/system/libsystem_kernel.dylib
0x000000019d72b000 	/usr/lib/system/libsystem_platform.dylib
0x00000001918ee000 	/usr/lib/system/libsystem_pthread.dylib
0x000000024db1e000 	/usr/lib/system/libsystem_symptoms.dylib
0x000000019fc48000 	/usr/lib/system/libsystem_trace.dylib
0x00000002d3d02000 	/usr/lib/system/libsystem_trial.dylib
0x00000002d3d03000 	/usr/lib/system/libunwind.dylib
0x000000019194d000 	/usr/lib/system/libxpc.dylib
0x00000002d211e000 	/usr/lib/libc++abi.dylib
0x00000001917b8000 	/usr/lib/libobjc.A.dylib
0x00000001993b4000 	/usr/lib/objc/libobjcMsgSend.dylib
0x00000002d1142000 	/usr/lib/libRosetta.dylib
0x00000001a8a93000 	/usr/lib/libc++.1.dylib
0x00000001a13b4000 	/usr/lib/objc/libobjcMsgSend1.dylib
0x00000001a93b4000 	/usr/lib/objc/libobjcMsgSend2.dylib
0x00000001b13b4000 	/usr/lib/objc/libobjcMsgSend3.dylib
0x00000001b93b4000 	/usr/lib/objc/libobjcMsgSend4.dylib
0x00000001c13b4000 	/usr/lib/objc/libobjcMsgSend5.dylib
0x00000001c93b4000 	/usr/lib/objc/libobjcMsgSend6.dylib
0x00000001d13b4000 	/usr/lib/objc/libobjcMsgSend7.dylib
0x00000001d93b4000 	/usr/lib/objc/libobjcMsgSend8.dylib
0x00000001e13b4000 	/usr/lib/objc/libobjcMsgSend9.dylib
0x00000001e93b4000 	/usr/lib/objc/libobjcMsgSend10.dylib
0x00000001f13b4000 	/usr/lib/objc/libobjcMsgSend11.dylib
0x00000002193b4000 	/usr/lib/objc/libobjcMsgSend12.dylib
0x00000002213b4000 	/usr/lib/objc/libobjcMsgSend13.dylib
0x00000002293b4000 	/usr/lib/objc/libobjcMsgSend14.dylib
0x00000002313b4000 	/usr/lib/objc/libobjcMsgSend15.dylib
0x00000002393b4000 	/usr/lib/objc/libobjcMsgSend16.dylib
0x00000002413b4000 	/usr/lib/objc/libobjcMsgSend17.dylib
0x00000002493b4000 	/usr/lib/objc/libobjcMsgSend18.dylib
0x00000002513b4000 	/usr/lib/objc/libobjcMsgSend19.dylib
0x00000002593b4000 	/usr/lib/objc/libobjcMsgSend20.dylib
0x00000002613b4000 	/usr/lib/objc/libobjcMsgSend21.dylib
0x00000002693b4000 	/usr/lib/objc/libobjcMsgSend22.dylib
0x00000002713b4000 	/usr/lib/objc/libobjcMsgSend23.dylib
0x00000002793b4000 	/usr/lib/objc/libobjcMsgSend24.dylib
0x00000002993b4000 	/usr/lib/objc/libobjcMsgSend25.dylib
0x00000002a13b4000 	/usr/lib/objc/libobjcMsgSend26.dylib
0x00000002a93b4000 	/usr/lib/objc/libobjcMsgSend27.dylib
0x00000002b13b4000 	/usr/lib/objc/libobjcMsgSend28.dylib
0x00000002b93b4000 	/usr/lib/objc/libobjcMsgSend29.dylib
0x00000002c13b4000 	/usr/lib/objc/libobjcMsgSend30.dylib
0x00000002c93b4000 	/usr/lib/objc/libobjcMsgSend31.dylib
0x00000002d13b4000 	/usr/lib/objc/libobjcMsgSend32.dylib
0x00000002d93b4000 	/usr/lib/objc/libobjcMsgSend33.dylib
0x0000000100b8c000 	/private/var/containers/Bundle/Application/0CB0B9EB-B49E-476A-B0C9-52F8EEFE827F/LiveContainer.app/Frameworks/LiveContainerShared.framework/LiveContainerShared
0x0000000191e92000 	/System/Library/Frameworks/Foundation.framework/Foundation
0x00000001919af000 	/System/Library/Frameworks/CoreFoundation.framework/CoreFoundation
0x00000002a39b3000 	/System/Library/PrivateFrameworks/NSPredicateSecurityPolicy.framework/NSPredicateSecurityPolicy
0x00000001d8340000 	/System/Library/PrivateFrameworks/CoreAutoLayout.framework/CoreAutoLayout
0x00000002d217e000 	/usr/lib/libcompression.dylib
0x000000019e11f000 	/System/Library/Frameworks/CFNetwork.framework/CFNetwork
0x00000002d18a9000 	/usr/lib/libarchive.2.dylib
0x00000001a0898000 	/usr/lib/libicucore.A.dylib
0x00000001c0929000 	/usr/lib/libxml2.2.dylib
0x00000002d2d57000 	/usr/lib/liblangid.dylib
0x00000001a0424000 	/System/Library/Frameworks/IOKit.framework/Versions/A/IOKit
0x00000001a100b000 	/System/Library/Frameworks/Combine.framework/Combine
0x00000001a0748000 	/System/Library/PrivateFrameworks/CollectionsInternal.framework/CollectionsInternal
0x00000002ae5ad000 	/System/Library/PrivateFrameworks/ReflectionInternal.framework/ReflectionInternal
0x00000002aede5000 	/System/Library/PrivateFrameworks/RuntimeInternal.framework/RuntimeInternal
0x00000002bcc6e000 	/System/Library/PrivateFrameworks/SoftLinking.framework/SoftLinking
0x0000000193056000 	/usr/lib/swift/libswiftCore.dylib
0x00000001ce988000 	/usr/lib/swift/libswiftCoreFoundation.dylib
0x00000002d3986000 	/usr/lib/swift/libswiftDarwin.dylib
0x00000001a0b7c000 	/usr/lib/swift/libswiftDispatch.dylib
0x0000000228b75000 	/usr/lib/swift/libswiftObjectiveC.dylib
0x00000001bfb93000 	/usr/lib/swift/libswiftObservation.dylib
0x00000001e1108000 	/usr/lib/swift/libswiftSynchronization.dylib
0x0000000214ca9000 	/usr/lib/swift/libswiftSystem.dylib
0x00000001a125e000 	/usr/lib/swift/libswiftXPC.dylib
0x00000002d3ad6000 	/usr/lib/swift/libswift_Builtin_float.dylib
0x0000000192fc9000 	/usr/lib/swift/libswift_Concurrency.dylib
0x00000002d3ad7000 	/usr/lib/swift/libswift_DarwinFoundation1.dylib
0x000000019f377000 	/usr/lib/swift/libswift_StringProcessing.dylib
0x00000001afef2000 	/usr/lib/swift/libswiftos.dylib
0x00000001a1331000 	/System/Library/PrivateFrameworks/CoreServicesInternal.framework/CoreServicesInternal
0x0000000198180000 	/System/Library/Frameworks/CoreServices.framework/CoreServices
0x000000019a88d000 	/System/Library/Frameworks/Security.framework/Security
0x00000002d2100000 	/usr/lib/libbsm.0.dylib
0x00000001c0d9b000 	/usr/lib/libMobileGestalt.dylib
0x00000001af652000 	/usr/lib/libsqlite3.dylib
0x0000000217f03000 	/System/Library/PrivateFrameworks/CoreServicesStore.framework/CoreServicesStore
0x00000001bc3e4000 	/System/Library/PrivateFrameworks/InstalledContentLibrary.framework/InstalledContentLibrary
0x00000001bc4e4000 	/System/Library/Frameworks/SystemConfiguration.framework/SystemConfiguration
0x00000001d3bf7000 	/System/Library/Frameworks/IOSurface.framework/IOSurface
0x00000002190a6000 	/System/Library/PrivateFrameworks/ProtocolBuffer.framework/ProtocolBuffer
0x00000001c133d000 	/System/Library/PrivateFrameworks/CoreAnalytics.framework/CoreAnalytics
0x00000002d38e4000 	/usr/lib/libz.1.dylib
0x00000002d37e7000 	/usr/lib/libswiftPrespecialized.dylib
0x00000002d2d62000 	/usr/lib/liblzma.5.dylib
0x0000000273230000 	/System/Library/PrivateFrameworks/FeatureFlags.framework/FeatureFlags
0x000000023bd12000 	/System/Library/PrivateFrameworks/IOMobileFramebuffer.framework/IOMobileFramebuffer
0x00000002d230e000 	/usr/lib/libenergytrace.dylib
0x000000019360b000 	/System/Library/Frameworks/Network.framework/Network
0x000000026a732000 	/System/Library/PrivateFrameworks/ConnectedMode.framework/ConnectedMode
0x00000001aa741000 	/System/Library/Frameworks/SwiftData.framework/SwiftData
0x00000001bb03c000 	/usr/lib/libboringssl.dylib
0x00000002d22d8000 	/usr/lib/libdns_services.dylib
0x0000000194ef3000 	/usr/lib/libquic.dylib
0x000000024db26000 	/usr/lib/libusrtcp.dylib
0x00000002cf683000 	/usr/lib/libAONConnection.dylib
0x00000002d1890000 	/usr/lib/libapple_nghttp2.dylib
0x00000002d2273000 	/usr/lib/libcoretls_cfhelpers.dylib
0x00000001b11c8000 	/System/Library/Frameworks/CryptoKit.framework/CryptoKit
0x00000001f135d000 	/System/Library/PrivateFrameworks/AtomicsInternal.framework/AtomicsInternal
0x00000001c2c8a000 	/System/Library/PrivateFrameworks/InternalSwiftProtobuf.framework/InternalSwiftProtobuf
0x00000002bea7b000 	/System/Library/PrivateFrameworks/SwiftTLS.framework/SwiftTLS
0x0000000236d6e000 	/usr/lib/swift/libswiftDistributed.dylib
0x000000024fcfc000 	/System/Library/PrivateFrameworks/AppleKeyStore.framework/AppleKeyStore
0x00000002d0748000 	/usr/lib/libCoreEntitlements.dylib
0x00000002d1284000 	/usr/lib/libTLE.dylib
0x0000000238a88000 	/System/Library/PrivateFrameworks/MessageSecurity.framework/MessageSecurity
0x00000002bef4a000 	/System/Library/PrivateFrameworks/SymptomDiagnosticReporter.framework/SymptomDiagnosticReporter
0x0000000217efa000 	/System/Library/PrivateFrameworks/CrashReporterSupport.framework/CrashReporterSupport
0x00000001bfac1000 	/System/Library/PrivateFrameworks/MobileKeyBag.framework/MobileKeyBag
0x000000025c09d000 	/System/Library/Frameworks/MobileCoreServices.framework/MobileCoreServices
0x000000024a8f4000 	/System/Library/PrivateFrameworks/CoreTime.framework/CoreTime
0x00000002d225c000 	/usr/lib/libcoretls.dylib
0x0000000260c7a000 	/System/Library/PrivateFrameworks/APFS.framework/APFS
0x00000002be71b000 	/System/Library/PrivateFrameworks/SwiftASN1Internal.framework/SwiftASN1Internal
0x00000002d38a0000 	/usr/lib/libutil.dylib
0x00000002d272f000 	/usr/lib/libheimdal-asn1.dylib
0x0000000265ee2000 	/System/Library/PrivateFrameworks/AppleSauce.framework/AppleSauce
0x00000001c2c2b000 	/System/Library/PrivateFrameworks/OSAnalytics.framework/OSAnalytics
0x00000001d0b34000 	/System/Library/PrivateFrameworks/Symbolication.framework/Symbolication
0x00000001dc173000 	/System/Library/PrivateFrameworks/CoreSymbolication.framework/CoreSymbolication
0x0000000252d42000 	/System/Library/PrivateFrameworks/OSAServicesClient.framework/OSAServicesClient
0x0000000270667000 	/System/Library/PrivateFrameworks/DeviceRecovery.framework/DeviceRecovery
0x00000001b1319000 	/System/Library/PrivateFrameworks/MallocStackLogging.framework/MallocStackLogging
0x000000019f2de000 	/usr/lib/swift/libswift_RegexParser.dylib
0x00000002624ee000 	/System/Library/PrivateFrameworks/AggregateDictionary.framework/AggregateDictionary
0x000000019aa6c000 	/System/Library/Frameworks/CoreData.framework/CoreData
0x00000002c12d5000 	/System/Library/PrivateFrameworks/Tightbeam.framework/Tightbeam
0x000000026023a000 	/System/Library/PrivateFrameworks/AFKUser.framework/AFKUser
0x000000026fcc9000 	/System/Library/PrivateFrameworks/CryptoKitCBridging.framework/CryptoKitCBridging
0x00000001cdc0b000 	/System/Library/Frameworks/CryptoTokenKit.framework/CryptoTokenKit
0x0000000265eb0000 	/System/Library/PrivateFrameworks/AppleMobileFileIntegrity.framework/AppleMobileFileIntegrity
0x00000002d3ada000 	/usr/lib/swift/libswift_DarwinFoundation2.dylib
0x00000002d3adb000 	/usr/lib/swift/libswift_DarwinFoundation3.dylib
0x0000000235324000 	/usr/lib/libmis.dylib
0x00000002d2111000 	/usr/lib/libbz2.1.0.dylib
0x000000021592a000 	/System/Library/PrivateFrameworks/CryptoKitPrivate.framework/CryptoKitPrivate
0x00000002d2b6e000 	/usr/lib/libiconv.2.dylib
0x00000002d213d000 	/usr/lib/libcharset.1.dylib
0x00000002a23aa000 	/System/Library/PrivateFrameworks/MobileSystemServices.framework/MobileSystemServices
0x00000001093b0000 	/private/var/mobile/Containers/Data/Application/B5BBE0C6-B563-4D72-BB69-692D4C4C3EC0/Documents/Applications/com.air-devs.air_812038066.app/AngelAuraAmethyst
0x0000000100c80000 	/private/var/mobile/Containers/Data/Application/B5BBE0C6-B563-4D72-BB69-692D4C4C3EC0/Documents/Applications/com.air-devs.air_812038066.app/Frameworks/libAFNetworking.dylib
0x0000000100da4000 	/private/var/mobile/Containers/Data/Application/B5BBE0C6-B563-4D72-BB69-692D4C4C3EC0/Documents/Applications/com.air-devs.air_812038066.app/Frameworks/AltKit.framework/AltKit
0x0000000100c10000 	/private/var/mobile/Containers/Data/Application/B5BBE0C6-B563-4D72-BB69-692D4C4C3EC0/Documents/Applications/com.air-devs.air_812038066.app/Frameworks/CAltKit.framework/CAltKit
0x0000000105a28000 	/private/var/mobile/Containers/Data/Application/B5BBE0C6-B563-4D72-BB69-692D4C4C3EC0/Documents/Applications/com.air-devs.air_812038066.app/Frameworks/UnzipKit.framework/UnzipKit
0x0000000100c4c000 	/private/var/containers/Bundle/Application/0CB0B9EB-B49E-476A-B0C9-52F8EEFE827F/LiveContainer.app/Frameworks/TweakLoader.dylib
0x000000025dabb000 	/System/Library/Frameworks/UIKit.framework/UIKit
0x00000002711b5000 	/System/Library/PrivateFrameworks/DocumentManager.framework/DocumentManager
0x0000000195c0e000 	/System/Library/PrivateFrameworks/UIKitCore.framework/UIKitCore
0x00000001c866e000 	/System/Library/PrivateFrameworks/ShareSheet.framework/ShareSheet
0x00000002aa308000 	/System/Library/PrivateFrameworks/PrintKitUI.framework/PrintKitUI
0x0000000220cf6000 	/System/Library/PrivateFrameworks/DesktopServicesPriv.framework/DesktopServicesPriv
0x00000002d3720000 	/usr/lib/libprequelite.dylib
0x00000002711f7000 	/System/Library/PrivateFrameworks/DocumentManagerCore.framework/DocumentManagerCore
0x0000000225e3e000 	/System/Library/Frameworks/QuickLookThumbnailing.framework/QuickLookThumbnailing
0x0000000269d8b000 	/System/Library/PrivateFrameworks/CollectionViewCore.framework/CollectionViewCore
0x00000002ce504000 	/System/Library/SubFrameworks/UIUtilities.framework/UIUtilities
0x00000002c9340000 	/System/Library/PrivateFrameworks/XCTTargetBootstrap.framework/XCTTargetBootstrap
0x00000001c0a10000 	/System/Library/PrivateFrameworks/WebKitLegacy.framework/WebKitLegacy
0x00000001afda1000 	/System/Library/PrivateFrameworks/UIIntelligenceSupport.framework/UIIntelligenceSupport
0x000000019d471000 	/System/Library/PrivateFrameworks/DesignLibrary.framework/DesignLibrary
0x000000021f8af000 	/System/Library/PrivateFrameworks/CampoServices.framework/CampoServices
0x000000019b548000 	/System/Library/PrivateFrameworks/Gestures.framework/Gestures
0x0000000236c03000 	/System/Library/PrivateFrameworks/PointerUIServices.framework/PointerUIServices
0x0000000236bce000 	/System/Library/PrivateFrameworks/BacklightServices.framework/BacklightServices
0x00000002be470000 	/System/Library/PrivateFrameworks/StudyLog.framework/StudyLog
0x00000001c936a000 	/System/Library/PrivateFrameworks/ContextKitExtraction.framework/ContextKitExtraction
0x00000001cc9be000 	/System/Library/PrivateFrameworks/CoreMaterial.framework/CoreMaterial
0x00000002a816a000 	/System/Library/PrivateFrameworks/Pasteboard.framework/Pasteboard
0x00000002b4117000 	/System/Library/PrivateFrameworks/SensorKitHelper.framework/SensorKitHelper
0x00000001a0da5000 	/System/Library/PrivateFrameworks/WritingTools.framework/WritingTools
0x00000001bfb73000 	/System/Library/Frameworks/Accessibility.framework/Accessibility
0x00000002145a5000 	/System/Library/PrivateFrameworks/IntlPreferences.framework/IntlPreferences
0x00000002c3efb000 	/System/Library/PrivateFrameworks/UpdateCycle.framework/UpdateCycle
0x00000001d931b000 	/System/Library/Frameworks/Symbols.framework/Symbols
0x00000001b04e5000 	/System/Library/PrivateFrameworks/AnimationKit.framework/AnimationKit
0x00000001997b8000 	/System/Library/Frameworks/SwiftUICore.framework/SwiftUICore
0x00000002a897a000 	/System/Library/PrivateFrameworks/PhysicsKit.framework/PhysicsKit
0x00000002d3a32000 	/usr/lib/swift/libswiftSpatial.dylib
0x00000001ab7f2000 	/System/Library/Frameworks/JavaScriptCore.framework/JavaScriptCore
0x00000001b17b8000 	/System/Library/PrivateFrameworks/WebCore.framework/WebCore
0x0000000258b0c000 	/System/Library/Frameworks/BrowserEngineCore.framework/BrowserEngineCore
0x00000002d38b9000 	/usr/lib/libxslt.1.dylib
0x00000002c7287000 	/System/Library/PrivateFrameworks/WebCore.framework/Frameworks/libANGLE-shared.dylib
0x000000023cd50000 	/System/Library/PrivateFrameworks/WebGPU.framework/WebGPU
0x00000002c75b6000 	/System/Library/PrivateFrameworks/WebCore.framework/Frameworks/libwebrtc.dylib
0x00000002d3977000 	/usr/lib/swift/libswiftCoreGraphics.dylib
0x00000002d39ee000 	/usr/lib/swift/libswiftFoundation.dylib
0x00000002d3aae000 	/usr/lib/swift/libswiftSwiftOnoneSupport.dylib
0x00000002d3afa000 	/usr/lib/swift/libswiftsys_time.dylib
0x00000001c10f9000 	/System/Library/PrivateFrameworks/UserActivity.framework/UserActivity
0x00000001a0bd8000 	/System/Library/PrivateFrameworks/AXRuntime.framework/AXRuntime
0x00000002d127f000 	/usr/lib/libSpatial.dylib
0x000000026ac0a000 	/System/Library/PrivateFrameworks/ContextKitCore.framework/ContextKitCore
0x00000002986cc000 	/System/Library/PrivateFrameworks/InputToolKit.framework/InputToolKit
0x00000002d2e47000 	/usr/lib/libmecabra.dylib
0x00000001ab1d0000 	/System/Library/Frameworks/Photos.framework/Photos
0x00000001e5b7b000 	/System/Library/Frameworks/PhotosUI.framework/PhotosUI
0x000000019bc6f000 	/System/Library/Frameworks/SwiftUI.framework/SwiftUI
0x00000001bb184000 	/System/Library/Frameworks/TipKit.framework/TipKit
0x00000001dd5f4000 	/System/Library/PrivateFrameworks/AvatarKit.framework/AvatarKit
0x00000002735d1000 	/System/Library/PrivateFrameworks/FeedbackService.framework/FeedbackService
0x00000001b54dd000 	/System/Library/PrivateFrameworks/IMSharedUtilities.framework/IMSharedUtilities
0x0000000218f89000 	/System/Library/PrivateFrameworks/InputAnalytics.framework/InputAnalytics
0x00000001e09d2000 	/System/Library/PrivateFrameworks/MediaAnalysisServices.framework/MediaAnalysisServices
0x00000001e26c2000 	/System/Library/PrivateFrameworks/Stickers.framework/Stickers
0x00000002bddf2000 	/System/Library/PrivateFrameworks/Stickers.framework/Support/StarmojiSearch.framework/StarmojiSearch
0x00000001e05b4000 	/System/Library/PrivateFrameworks/VisionKitCore.framework/VisionKitCore
0x00000002d3927000 	/usr/lib/swift/libswiftARKit.dylib
0x00000002d392b000 	/usr/lib/swift/libswiftAppleArchive.dylib
0x00000002d39ef000 	/usr/lib/swift/libswiftGLKit.dylib
0x00000002d3a0d000 	/usr/lib/swift/libswiftMetalKit.dylib
0x00000002d3a0f000 	/usr/lib/swift/libswiftModelIO.dylib
0x00000002d3a2e000 	/usr/lib/swift/libswiftSceneKit.dylib
0x00000002d3aac000 	/usr/lib/swift/libswiftSpriteKit.dylib
0x000000025e66d000 	/System/Library/Frameworks/VisionKit.framework/VisionKit
0x00000001ce98e000 	/System/Library/PrivateFrameworks/IMCore.framework/IMCore
0x00000001be99a000 	/System/Library/Frameworks/LinkPresentation.framework/LinkPresentation
0x00000002a3850000 	/System/Library/PrivateFrameworks/NLP.framework/NLP
0x00000002d0741000 	/usr/lib/libChineseTokenizer.dylib
0x000000026a740000 	/System/Library/PrivateFrameworks/ConstantClasses.framework/ConstantClasses
0x00000001ced26000 	/System/Library/PrivateFrameworks/IMDPersistence.framework/IMDPersistence
0x000000023d769000 	/System/Library/PrivateFrameworks/DeviceManagement.framework/DeviceManagement
0x0000000266540000 	/System/Library/PrivateFrameworks/AssistantActionSuggestion.framework/AssistantActionSuggestion
0x000000021ea29000 	/System/Library/PrivateFrameworks/AssistantActionSuggestionSupport.framework/AssistantActionSuggestionSupport
0x00000001d17b8000 	/System/Library/PrivateFrameworks/ToolKit.framework/ToolKit
0x000000021a575000 	/System/Library/PrivateFrameworks/Transparency.framework/Transparency
0x000000026f105000 	/System/Library/PrivateFrameworks/CoreSDB.framework/CoreSDB
0x00000002975b4000 	/System/Library/PrivateFrameworks/IDSKVStore.framework/IDSKVStore
0x000000024fdaa000 	/System/Library/PrivateFrameworks/CoreRecents.framework/CoreRecents
0x000000019e9d6000 	/System/Library/Frameworks/AppIntents.framework/AppIntents
0x00000001dcb07000 	/System/Library/PrivateFrameworks/ClarityFoundation.framework/ClarityFoundation
0x00000002d3820000 	/usr/lib/libsysdiagnose.dylib
0x000000024a8fe000 	/System/Library/PrivateFrameworks/LockdownMode.framework/LockdownMode
0x00000002c416a000 	/System/Library/PrivateFrameworks/UserSafety.framework/UserSafety
0x00000001c4fe3000 	/System/Library/PrivateFrameworks/PhotosFormats.framework/PhotosFormats
0x00000002730ba000 	/System/Library/PrivateFrameworks/FTClientServices.framework/FTClientServices
0x00000001beaf8000 	/System/Library/Frameworks/SensitiveContentAnalysis.framework/SensitiveContentAnalysis
0x000000025da3f000 	/System/Library/Frameworks/Translation.framework/Translation
0x0000000234540000 	/System/Library/PrivateFrameworks/AppIntentsServices.framework/AppIntentsServices
0x000000026615a000 	/System/Library/PrivateFrameworks/AskToCore.framework/AskToCore
0x00000002666f9000 	/System/Library/PrivateFrameworks/AudioAccessoryAssetManagement.framework/AudioAccessoryAssetManagement
0x00000001bed9c000 	/System/Library/PrivateFrameworks/BackgroundSystemTasks.framework/BackgroundSystemTasks
0x00000001c20e4000 	/System/Library/PrivateFrameworks/BlastDoor.framework/BlastDoor
0x000000026780f000 	/System/Library/PrivateFrameworks/BusinessServices.framework/BusinessServices
0x0000000269eaa000 	/System/Library/PrivateFrameworks/CommunicationTrust.framework/CommunicationTrust
0x000000024a8dd000 	/System/Library/PrivateFrameworks/RegulatoryDomain.framework/RegulatoryDomain
0x00000001c4806000 	/System/Library/PrivateFrameworks/SearchFoundation.framework/SearchFoundation
0x00000002c1364000 	/System/Library/PrivateFrameworks/TipKitServices.framework/TipKitServices
0x00000001c875e000 	/System/Library/PrivateFrameworks/ManagedSettingsObjC.framework/ManagedSettingsObjC
0x00000001cc2d3000 	/System/Library/PrivateFrameworks/FamilyCircle.framework/FamilyCircle
0x0000000213b89000 	/System/Library/PrivateFrameworks/CoreFollowUp.framework/CoreFollowUp
0x0000000269b2d000 	/System/Library/PrivateFrameworks/CloudKitSharingManagement.framework/CloudKitSharingManagement
0x00000002bdfa2000 	/System/Library/PrivateFrameworks/StorageContainersPrivate.framework/StorageContainersPrivate
0x00000001cb3bb000 	/System/Library/PrivateFrameworks/PeopleSuggester.framework/PeopleSuggester
0x000000023c06f000 	/System/Library/PrivateFrameworks/Portrait.framework/Portrait
0x000000029ec24000 	/System/Library/PrivateFrameworks/MMCS.framework/MMCS
0x00000001d04c8000 	/System/Library/PrivateFrameworks/PhotoFoundation.framework/PhotoFoundation
0x00000001c3446000 	/System/Library/PrivateFrameworks/VFX.framework/VFX
0x0000000269145000 	/System/Library/PrivateFrameworks/CinematicUtil.framework/CinematicUtil
0x000000026517b000 	/System/Library/PrivateFrameworks/AppleDepth.framework/AppleDepth
0x0000000269108000 	/System/Library/PrivateFrameworks/CinematicCommunication.framework/CinematicCommunication
0x0000000274d97000 	/System/Library/PrivateFrameworks/FusionTracker.framework/FusionTracker
0x000000025cb7c000 	/System/Library/Frameworks/SceneKit.framework/SceneKit
0x000000025c09e000 	/System/Library/Frameworks/ModelIO.framework/ModelIO
0x000000025bc09000 	/System/Library/Frameworks/MetalKit.framework/MetalKit
0x000000025bb6f000 	/System/Library/Frameworks/MetalFX.framework/MetalFX
0x000000025a972000 	/System/Library/Frameworks/GLKit.framework/GLKit
0x00000002d3fb4000 	/usr/lib/usd/libusd_ms.dylib
0x00000002c34ed000 	/System/Library/PrivateFrameworks/USDLib_FormatLoaderProxy.framework/USDLib_FormatLoaderProxy
0x00000002d3add000 	/usr/lib/swift/libswift_errno.dylib
0x00000002652cd000 	/System/Library/PrivateFrameworks/AppleDepthCore.framework/AppleDepthCore
0x00000002c55a8000 	/System/Library/PrivateFrameworks/VisualLogger.framework/VisualLogger
0x0000000269071000 	/System/Library/PrivateFrameworks/ChunkingLibrary.framework/ChunkingLibrary
0x0000000266379000 	/System/Library/PrivateFrameworks/AssetCacheServices.framework/AssetCacheServices
0x00000001c10ea000 	/System/Library/Frameworks/BackgroundTasks.framework/BackgroundTasks
0x00000001d6aa5000 	/System/Library/PrivateFrameworks/DoNotDisturb.framework/DoNotDisturb
0x00000001cc532000 	/System/Library/Frameworks/Speech.framework/Speech
0x0000000216a03000 	/System/Library/PrivateFrameworks/AIMLExperimentationAnalytics.framework/AIMLExperimentationAnalytics
0x0000000262ed0000 	/System/Library/PrivateFrameworks/AlgorithmsInternal.framework/AlgorithmsInternal
0x00000001c4657000 	/System/Library/PrivateFrameworks/VoiceShortcutClient.framework/VoiceShortcutClient
0x000000019d332000 	/System/Library/PrivateFrameworks/ChronoServices.framework/ChronoServices
0x00000001dc2d5000 	/System/Library/PrivateFrameworks/ReplicatorEngine.framework/ReplicatorEngine
0x0000000268e34000 	/System/Library/PrivateFrameworks/Categories.framework/Categories
0x00000001c87ca000 	/System/Library/PrivateFrameworks/ReplicatorServices.framework/ReplicatorServices
0x00000002ae862000 	/System/Library/PrivateFrameworks/ReplicatorDependencies.framework/ReplicatorDependencies
0x0000000214861000 	/System/Library/PrivateFrameworks/LocalStatusKit.framework/LocalStatusKit
0x00000001e836d000 	/System/Library/PrivateFrameworks/ContextKit.framework/ContextKit
0x0000000245fd7000 	/System/Library/PrivateFrameworks/UIIntelligenceSupportAgent.framework/UIIntelligenceSupportAgent
0x000000026d506000 	/System/Library/PrivateFrameworks/CoreMediaStream.framework/CoreMediaStream
0x0000000299325000 	/System/Library/PrivateFrameworks/LinkPresentationStyleSheetParsing.framework/LinkPresentationStyleSheetParsing
0x00000001b5917000 	/System/Library/PrivateFrameworks/PassKitCore.framework/PassKitCore
0x00000001c114f000 	/System/Library/Frameworks/EventKit.framework/EventKit
0x000000027916b000 	/System/Library/PrivateFrameworks/HSAAuthentication.framework/HSAAuthentication
0x00000002586c2000 	/System/Library/Frameworks/AddressBook.framework/AddressBook
0x00000001ed78b000 	/System/Library/PrivateFrameworks/EmailCore.framework/EmailCore
0x000000026cc26000 	/System/Library/PrivateFrameworks/CoreIDV.framework/CoreIDV
0x00000001cf444000 	/System/Library/Frameworks/FinanceKit.framework/FinanceKit
0x00000002746e9000 	/System/Library/PrivateFrameworks/FlightUtilitiesCore.framework/FlightUtilitiesCore
0x0000000250b3a000 	/System/Library/PrivateFrameworks/DigitalAccess.framework/DigitalAccess
0x000000026d9c4000 	/System/Library/PrivateFrameworks/CoreODI.framework/CoreODI
0x000000026cbca000 	/System/Library/PrivateFrameworks/CoreIDCred.framework/CoreIDCred
0x000000024e82a000 	/System/Library/PrivateFrameworks/AppletTranslationFramework.framework/AppletTranslationFramework
0x00000001cf2ed000 	/System/Library/PrivateFrameworks/CloudSubscriptionFeatures.framework/CloudSubscriptionFeatures
0x0000000236c6a000 	/System/Library/PrivateFrameworks/NearField.framework/NearField
0x00000002b134f000 	/System/Library/PrivateFrameworks/SPRCore.framework/SPRCore
0x00000002bcc6f000 	/System/Library/PrivateFrameworks/SoftPosReader.framework/SoftPosReader
0x0000000215819000 	/System/Library/PrivateFrameworks/CalendarDatabase.framework/CalendarDatabase
0x00000001dfbcb000 	/System/Library/PrivateFrameworks/CalendarDaemon.framework/CalendarDaemon
0x00000001d1ff7000 	/System/Library/PrivateFrameworks/CalendarFoundation.framework/CalendarFoundation
0x000000026ab2e000 	/System/Library/PrivateFrameworks/ContactsAutocomplete.framework/ContactsAutocomplete
0x000000026c827000 	/System/Library/PrivateFrameworks/CoreDAV.framework/CoreDAV
0x0000000267f52000 	/System/Library/PrivateFrameworks/CalDAV.framework/CalDAV
0x00000001dea5b000 	/System/Library/PrivateFrameworks/DeviceConfiguration.framework/DeviceConfiguration
0x000000026808a000 	/System/Library/PrivateFrameworks/CallsPersistence.framework/CallsPersistence
0x00000002182b4000 	/System/Library/PrivateFrameworks/PrivacyAccounting.framework/PrivacyAccounting
0x0000000253086000 	/System/Library/PrivateFrameworks/SpotlightReceiver.framework/SpotlightReceiver
0x00000002c9e62000 	/System/Library/PrivateFrameworks/_AppIntentsServices_AppIntents.framework/_AppIntentsServices_AppIntents
0x000000025eaff000 	/System/Library/Frameworks/_Contacts_AppIntents.framework/_Contacts_AppIntents
0x000000025f0d7000 	/System/Library/Frameworks/_GeoToolbox_AppIntents.framework/_GeoToolbox_AppIntents
0x000000027253f000 	/System/Library/PrivateFrameworks/EmailAddressing.framework/EmailAddressing
0x00000001df1ba000 	/System/Library/PrivateFrameworks/EmailFoundation.framework/EmailFoundation
0x00000001bb10f000 	/System/Library/PrivateFrameworks/NetworkServiceProxy.framework/NetworkServiceProxy
0x0000000218540000 	/System/Library/PrivateFrameworks/CoreIDVShared.framework/CoreIDVShared
0x000000025a282000 	/System/Library/Frameworks/DeviceCheck.framework/DeviceCheck
0x00000001e0cae000 	/System/Library/PrivateFrameworks/StoreServices.framework/StoreServices
0x000000024e926000 	/usr/lib/libnfshared.dylib
0x00000001c4c38000 	/System/Library/PrivateFrameworks/CoreParsec.framework/CoreParsec
0x00000001ccbc9000 	/System/Library/PrivateFrameworks/PegasusAPI.framework/PegasusAPI
0x00000001dc6c8000 	/System/Library/PrivateFrameworks/PegasusKit.framework/PegasusKit
0x00000001d322a000 	/System/Library/PrivateFrameworks/PegasusConfiguration.framework/PegasusConfiguration
0x0000000277c90000 	/System/Library/PrivateFrameworks/GRPCCoreInternal.framework/GRPCCoreInternal
0x0000000277d3a000 	/System/Library/PrivateFrameworks/GRPCProtobufInternal.framework/GRPCProtobufInternal
0x0000000277d61000 	/System/Library/PrivateFrameworks/GRPCURLSessionTransportInternal.framework/GRPCURLSessionTransportInternal
0x0000000298ecf000 	/System/Library/PrivateFrameworks/KernelManagerLibrary.framework/KernelManagerLibrary
0x00000002d1145000 	/usr/lib/libSCLM.dylib
0x0000000267eae000 	/System/Library/PrivateFrameworks/CTLazuliSupport.framework/CTLazuliSupport
0x0000000267e1b000 	/System/Library/PrivateFrameworks/CTBlastDoorSupport.framework/CTBlastDoorSupport
0x00000002be74e000 	/System/Library/PrivateFrameworks/SwiftMLS.framework/SwiftMLS
0x00000002bfa7c000 	/System/Library/PrivateFrameworks/TelephonyBlastDoorSupport.framework/TelephonyBlastDoorSupport
0x00000001aa65e000 	/System/Library/PrivateFrameworks/TipKitCore.framework/TipKitCore
0x0000000268dc2000 	/System/Library/PrivateFrameworks/Catalyst.framework/Catalyst
0x000000026f86d000 	/System/Library/PrivateFrameworks/CoreTransparency.framework/CoreTransparency
0x000000026f01f000 	/System/Library/PrivateFrameworks/CoreRecognition.framework/CoreRecognition
0x00000001d387d000 	/System/Library/PrivateFrameworks/CameraEditKit.framework/CameraEditKit
0x00000002ae9b3000 	/System/Library/PrivateFrameworks/RevealCore.framework/RevealCore
0x00000001cc99a000 	/System/Library/PrivateFrameworks/BaseBoardUI.framework/BaseBoardUI
0x00000001bc7fb000 	/System/Library/PrivateFrameworks/PhotoLibraryServicesCore.framework/PhotoLibraryServicesCore
0x000000027254c000 	/System/Library/PrivateFrameworks/EmbeddingCore.framework/EmbeddingCore
0x00000002710eb000 	/System/Library/PrivateFrameworks/DocumentCamera.framework/DocumentCamera
0x00000001c064d000 	/System/Library/Frameworks/AVKit.framework/AVKit
0x00000001d5719000 	/System/Library/PrivateFrameworks/Pegasus.framework/Pegasus
0x000000026678b000 	/System/Library/PrivateFrameworks/AudioDataAnalysis.framework/AudioDataAnalysis
0x000000021444a000 	/System/Library/PrivateFrameworks/SystemStatus.framework/SystemStatus
0x00000001c920e000 	/System/Library/PrivateFrameworks/TextAnimationSupport.framework/TextAnimationSupport
0x00000002acb56000 	/System/Library/PrivateFrameworks/RecapPerformanceTesting.framework/RecapPerformanceTesting
0x00000001d91b2000 	/System/Library/Frameworks/ClockKit.framework/ClockKit
0x00000002b4f05000 	/System/Library/PrivateFrameworks/SignpostCollection.framework/SignpostCollection
0x000000026a5e8000 	/System/Library/PrivateFrameworks/ComplicationDisplay.framework/ComplicationDisplay
0x00000002697b8000 	/System/Library/PrivateFrameworks/ClockKitUI.framework/ClockKitUI
0x00000001ade1c000 	/System/Library/Frameworks/WebKit.framework/WebKit
0x000000023d012000 	/System/Library/PrivateFrameworks/Synapse.framework/Synapse
0x00000001c6db7000 	/System/Library/PrivateFrameworks/iTunesCloud.framework/iTunesCloud
0x000000026eb14000 	/System/Library/PrivateFrameworks/CorePrediction.framework/CorePrediction
0x00000001d5be7000 	/System/Library/Frameworks/PDFKit.framework/PDFKit
0x00000001bfee9000 	/System/Library/Frameworks/BrowserEngineKit.framework/BrowserEngineKit
0x000000027817f000 	/System/Library/PrivateFrameworks/GameControllerUI.framework/GameControllerUI
0x00000001ece22000 	/System/Library/Frameworks/GameController.framework/GameController
0x00000001b9359000 	/System/Library/Frameworks/_AppIntents_UIKit.framework/_AppIntents_UIKit
0x00000002b49eb000 	/System/Library/PrivateFrameworks/SharedWebCredentials.framework/SharedWebCredentials
0x000000026da34000 	/System/Library/PrivateFrameworks/CoreOptimization.framework/CoreOptimization
0x000000026da3a000 	/System/Library/PrivateFrameworks/CorePDF.framework/CorePDF
0x000000023541d000 	/System/Library/PrivateFrameworks/GamePolicy.framework/GamePolicy
0x00000001ecf59000 	/System/Library/PrivateFrameworks/GameControllerFoundation.framework/GameControllerFoundation
0x000000025c9a6000 	/System/Library/Frameworks/ReplayKit.framework/ReplayKit
0x0000000278222000 	/System/Library/PrivateFrameworks/GamePolicyFoundation.framework/GamePolicyFoundation
0x0000000277efd000 	/System/Library/PrivateFrameworks/GameControllerIO.framework/GameControllerIO
0x0000000277f1c000 	/System/Library/PrivateFrameworks/GameControllerSettings.framework/GameControllerSettings
0x000000021723a000 	/System/Library/PrivateFrameworks/AVConference.framework/AVConference
0x00000002d37e1000 	/usr/lib/libspindump.dylib
0x00000002c89b7000 	/System/Library/PrivateFrameworks/WirelessCoexManager.framework/WirelessCoexManager
0x000000023b6eb000 	/System/Library/PrivateFrameworks/VideoProcessing.framework/VideoProcessing
0x00000001dc604000 	/System/Library/PrivateFrameworks/Symptoms.framework/Frameworks/SymptomPresentationFeed.framework/SymptomPresentationFeed
0x00000002667de000 	/System/Library/PrivateFrameworks/AudioServerDriver.framework/AudioServerDriver
0x00000002b4ef0000 	/System/Library/PrivateFrameworks/SignalCompression.framework/SignalCompression
0x0000000260edd000 	/System/Library/PrivateFrameworks/AVConference.framework/Frameworks/ICE.framework/ICE
0x0000000260f1a000 	/System/Library/PrivateFrameworks/AVConference.framework/Frameworks/LegacyHandle.framework/LegacyHandle
0x0000000260f1b000 	/System/Library/PrivateFrameworks/AVConference.framework/Frameworks/SimpleKeyExchange.framework/SimpleKeyExchange
0x0000000260f22000 	/System/Library/PrivateFrameworks/AVConference.framework/Frameworks/snatmap.framework/snatmap
0x000000023b604000 	/System/Library/PrivateFrameworks/AVConference.framework/Frameworks/ViceroyTrace.framework/ViceroyTrace
0x000000024a968000 	/System/Library/PrivateFrameworks/MediaAnalysis.framework/MediaAnalysis
0x0000000264ea6000 	/System/Library/PrivateFrameworks/AppleCVA.framework/AppleCVA
0x0000000272fdb000 	/System/Library/PrivateFrameworks/FRC.framework/FRC
0x0000000266bb7000 	/System/Library/PrivateFrameworks/AutoLoop.framework/AutoLoop
0x00000002a750a000 	/System/Library/PrivateFrameworks/PCCAgentClientCommon.framework/PCCAgentClientCommon
0x0000000262e0d000 	/System/Library/PrivateFrameworks/AlchemistBase.framework/AlchemistBase
0x0000000262e46000 	/System/Library/PrivateFrameworks/AlchemistService.framework/AlchemistService
0x000000029f006000 	/System/Library/PrivateFrameworks/MXI.framework/MXI
0x00000002a8882000 	/System/Library/PrivateFrameworks/PhotosSpatialMediaCore.framework/PhotosSpatialMediaCore
0x00000001e04b3000 	/System/Library/PrivateFrameworks/AXMediaUtilities.framework/AXMediaUtilities
0x000000026c531000 	/System/Library/PrivateFrameworks/CoreAppleCVA.framework/CoreAppleCVA
0x000000029fa12000 	/System/Library/PrivateFrameworks/MediaAnalysisCore.framework/MediaAnalysisCore
0x000000029fa1d000 	/System/Library/PrivateFrameworks/MediaAnalysisGeneration.framework/MediaAnalysisGeneration
0x000000029fa20000 	/System/Library/PrivateFrameworks/MediaAnalysisPhotosServices.framework/MediaAnalysisPhotosServices
0x00000001aa8e8000 	/System/Library/PrivateFrameworks/PhotoLibraryServices.framework/PhotoLibraryServices
0x0000000212ac9000 	/System/Library/PrivateFrameworks/PhotosIntelligence.framework/PhotosIntelligence
0x000000025d193000 	/System/Library/Frameworks/SoundAnalysis.framework/SoundAnalysis
0x000000024d5ba000 	/System/Library/PrivateFrameworks/VisualLookUp.framework/VisualLookUp
0x00000001dc9a9000 	/System/Library/PrivateFrameworks/VisualUnderstanding.framework/VisualUnderstanding
0x0000000260563000 	/System/Library/PrivateFrameworks/ANEClientSignals.framework/ANEClientSignals
0x0000000265f3f000 	/System/Library/PrivateFrameworks/AppleSplatRendering.framework/AppleSplatRendering
0x00000002c46a2000 	/System/Library/PrivateFrameworks/Vista.framework/Vista
0x000000026ec2f000 	/System/Library/PrivateFrameworks/CoreRE3DGSFoundation.framework/CoreRE3DGSFoundation
0x00000002c34ee000 	/System/Library/PrivateFrameworks/USDObjCKit.framework/USDObjCKit
0x000000021a951000 	/System/Library/Frameworks/RealityFoundation.framework/RealityFoundation
0x000000026203c000 	/System/Library/PrivateFrameworks/AcousticMaterials.framework/AcousticMaterials
0x00000002ccb7a000 	/System/Library/SubFrameworks/ARKitCore.framework/ARKitCore
0x000000026d22b000 	/System/Library/PrivateFrameworks/CoreIK.framework/CoreIK
0x000000021ba1d000 	/System/Library/PrivateFrameworks/CoreRE.framework/CoreRE
0x000000026ecdb000 	/System/Library/PrivateFrameworks/CoreRealityIO.framework/CoreRealityIO
0x0000000270a08000 	/System/Library/PrivateFrameworks/DirectResource.framework/DirectResource
0x00000002786bb000 	/System/Library/PrivateFrameworks/Geometry.framework/Geometry
0x00000002ac906000 	/System/Library/PrivateFrameworks/RealityFusion.framework/RealityFusion
0x00000002ce2c8000 	/System/Library/SubFrameworks/ShaderGraph.framework/ShaderGraph
0x000000026d80b000 	/System/Library/PrivateFrameworks/CoreOC.framework/CoreOC
0x00000002ccda7000 	/System/Library/SubFrameworks/ARKitFoundation.framework/ARKitFoundation
0x00000002d2138000 	/usr/lib/libchannel.dylib
0x00000002d3792000 	/usr/lib/librealtime_safety.dylib
0x0000000262f50000 	/System/Library/PrivateFrameworks/AltruisticBodyPoseKit.framework/AltruisticBodyPoseKit
0x00000001e610d000 	/System/Library/PrivateFrameworks/AppleCV3D.framework/AppleCV3D
0x00000002acb6c000 	/System/Library/PrivateFrameworks/Recon3D.framework/Recon3D
0x00000002b233f000 	/System/Library/PrivateFrameworks/SceneIntelligence.framework/SceneIntelligence
0x0000000264e5e000 	/System/Library/PrivateFrameworks/AppleCV3DMOVKit.framework/AppleCV3DMOVKit
0x000000026d44d000 	/System/Library/PrivateFrameworks/CoreLocationReplay.framework/CoreLocationReplay
0x00000001e8a6b000 	/System/Library/PrivateFrameworks/CoreNavigation.framework/CoreNavigation
0x000000029ecd0000 	/System/Library/PrivateFrameworks/MOVStreamIO.framework/MOVStreamIO
0x0000000238587000 	/System/Library/PrivateFrameworks/VisualLocalization.framework/VisualLocalization
0x0000000264e98000 	/System/Library/PrivateFrameworks/AppleCV3DModels.framework/AppleCV3DModels
0x00000002a5fda000 	/System/Library/PrivateFrameworks/ODT.framework/ODT
0x00000002a8c42000 	/System/Library/PrivateFrameworks/Polaris.framework/Polaris
0x00000002997b8000 	/System/Library/PrivateFrameworks/LearnedFeatures.framework/LearnedFeatures
0x0000000264fd1000 	/System/Library/PrivateFrameworks/AppleCVHWA.framework/AppleCVHWA
0x0000000299107000 	/System/Library/PrivateFrameworks/LACC.framework/LACC
0x00000002a8f76000 	/System/Library/PrivateFrameworks/PolarisGraph.framework/PolarisGraph
0x00000002a8fa4000 	/System/Library/PrivateFrameworks/PolarisRuntime.framework/PolarisRuntime
0x000000027073d000 	/System/Library/PrivateFrameworks/DiagnosticExtensions.framework/DiagnosticExtensions
0x00000002a8e92000 	/System/Library/PrivateFrameworks/PolarisExclaveSupport.framework/PolarisExclaveSupport
0x00000002a8fd7000 	/System/Library/PrivateFrameworks/PolarisSystemGraph.framework/PolarisSystemGraph
0x00000002a8e1b000 	/System/Library/PrivateFrameworks/PolarisBufferService.framework/PolarisBufferService
0x000000029775e000 	/System/Library/PrivateFrameworks/IOFastPath.framework/IOFastPath
0x00000002728c1000 	/System/Library/PrivateFrameworks/ExclavePolarisBufferService.framework/ExclavePolarisBufferService
0x0000000262fb7000 	/System/Library/PrivateFrameworks/AlwaysOnExclavesServices.framework/AlwaysOnExclavesServices
0x00000002a844e000 	/System/Library/PrivateFrameworks/PeridotDepth.framework/PeridotDepth
0x00000002d3731000 	/usr/lib/libprotobuf.dylib
0x0000000253a1e000 	/usr/lib/libprotobuf-lite.dylib
0x00000002ac78f000 	/System/Library/PrivateFrameworks/RESync.framework/RESync
0x000000021d920000 	/System/Library/Frameworks/PHASE.framework/PHASE
0x0000000269910000 	/System/Library/PrivateFrameworks/ClothPhysics.framework/ClothPhysics
0x000000027901a000 	/System/Library/PrivateFrameworks/HDRProcessing.framework/HDRProcessing
0x00000002cfec4000 	/usr/lib/libAudioDSPCore.dylib
0x00000002bd6e2000 	/System/Library/PrivateFrameworks/SpatialAudioProfile.framework/SpatialAudioProfile
0x000000026d93b000 	/System/Library/PrivateFrameworks/CoreOCModules.framework/CoreOCModules
0x000000026da4a000 	/System/Library/PrivateFrameworks/CorePhotogrammetry.framework/CorePhotogrammetry
0x0000000274df5000 	/System/Library/PrivateFrameworks/GESS.framework/GESS
0x0000000278feb000 	/System/Library/PrivateFrameworks/H10ISPServices.framework/H10ISPServices
0x00000002d09cb000 	/usr/lib/libIOAccessoryManager.dylib
0x000000027893a000 	/System/Library/PrivateFrameworks/GraphComputeRT.framework/GraphComputeRT
0x000000023bad3000 	/System/Library/PrivateFrameworks/AXAssetLoader.framework/AXAssetLoader
0x00000001e28c1000 	/System/Library/PrivateFrameworks/CloudPhotoLibrary.framework/CloudPhotoLibrary
0x0000000269b7c000 	/System/Library/PrivateFrameworks/CloudPhotoServices.framework/CloudPhotoServices
0x0000000267de7000 	/System/Library/PrivateFrameworks/CPAnalytics.framework/CPAnalytics
0x000000025ab22000 	/System/Library/Frameworks/ImageCaptureCore.framework/ImageCaptureCore
0x0000000213245000 	/System/Library/PrivateFrameworks/Leo.framework/Leo
0x0000000238ae2000 	/System/Library/PrivateFrameworks/MediaConversionService.framework/MediaConversionService
0x00000002d398a000 	/usr/lib/swift/libswiftDemangle.dylib
0x00000002977f1000 	/System/Library/PrivateFrameworks/ImageCaptureDevices.framework/ImageCaptureDevices
0x00000002d1b23000 	/usr/lib/libaxis.dylib
0x000000024e311000 	/System/Library/PrivateFrameworks/MediaStream.framework/MediaStream
0x000000023be07000 	/System/Library/PrivateFrameworks/MobileBackup.framework/MobileBackup
0x00000002a87dd000 	/System/Library/PrivateFrameworks/PhotosImagingFoundation.framework/PhotosImagingFoundation
0x0000000238b0d000 	/System/Library/PrivateFrameworks/PhotosIntelligenceCore.framework/PhotosIntelligenceCore
0x00000001d04f7000 	/System/Library/PrivateFrameworks/NeutrinoCore.framework/NeutrinoCore
0x00000001d32d4000 	/System/Library/PrivateFrameworks/PhotoImaging.framework/PhotoImaging
0x0000000231eeb000 	/System/Library/PrivateFrameworks/PhotosGenerativeServices.framework/PhotosGenerativeServices
0x0000000218c3e000 	/System/Library/PrivateFrameworks/VisualGeneration.framework/VisualGeneration
0x000000023c655000 	/System/Library/PrivateFrameworks/CipherML.framework/CipherML
0x00000002a2420000 	/System/Library/PrivateFrameworks/ModelInterfaces.framework/ModelInterfaces
0x00000001d3bae000 	/System/Library/PrivateFrameworks/SwiftSQLite.framework/SwiftSQLite
0x00000001eeaa9000 	/System/Library/Frameworks/MusicKit.framework/MusicKit
0x000000027469f000 	/System/Library/PrivateFrameworks/FlexMusicKit.framework/FlexMusicKit
0x00000001e17b8000 	/System/Library/PrivateFrameworks/MusicKitInternal.framework/MusicKitInternal
0x000000026fccc000 	/System/Library/PrivateFrameworks/DAAPKit.framework/DAAPKit
0x0000000252d01000 	/System/Library/PrivateFrameworks/SymptomShared.framework/SymptomShared
0x000000021a6c9000 	/System/Library/PrivateFrameworks/Symptoms.framework/Frameworks/SymptomAnalytics.framework/SymptomAnalytics
0x00000001e2228000 	/System/Library/PrivateFrameworks/MusicLibrary.framework/MusicLibrary
0x000000029fc04000 	/System/Library/PrivateFrameworks/MediaFoundation.framework/MediaFoundation
0x0000000228b79000 	/System/Library/PrivateFrameworks/SwiftMedia.framework/SwiftMedia
0x000000029fc85000 	/System/Library/PrivateFrameworks/MediaLibraryCore.framework/MediaLibraryCore
0x000000025d0b0000 	/System/Library/Frameworks/ShazamKit.framework/ShazamKit
0x000000029e8f0000 	/System/Library/PrivateFrameworks/MLModelSpecification.framework/MLModelSpecification
0x00000002b4a09000 	/System/Library/PrivateFrameworks/ShazamCore.framework/ShazamCore
0x00000002bddc2000 	/System/Library/PrivateFrameworks/Stickers.framework/Support/RecencyService.framework/RecencyService
0x00000001bf591000 	/System/Library/PrivateFrameworks/Coherence.framework/Coherence
0x00000002bddb5000 	/System/Library/PrivateFrameworks/Stickers.framework/Support/IndexerService.framework/IndexerService
0x00000002bddf1000 	/System/Library/PrivateFrameworks/Stickers.framework/Support/ServiceShared.framework/ServiceShared
0x00000002a4450000 	/System/Library/PrivateFrameworks/NetworkScore.framework/NetworkScore
0x00000001e5b28000 	/System/Library/Frameworks/_AppIntents_SwiftUI.framework/_AppIntents_SwiftUI
0x00000001e5e39000 	/System/Library/Frameworks/IntentsUI.framework/IntentsUI
0x00000002aa2a7000 	/System/Library/PrivateFrameworks/PrintKit.framework/PrintKit
0x00000001d7920000 	/System/Library/PrivateFrameworks/OnBoardingKit.framework/OnBoardingKit
0x00000002551ef000 	/System/Library/Frameworks/ARKit.framework/ARKit
0x00000002ccda9000 	/System/Library/SubFrameworks/ARKitUI.framework/ARKitUI
0x00000001d31ff000 	/System/Library/PrivateFrameworks/QuickLookUICore.framework/QuickLookUICore
0x000000025d5ce000 	/System/Library/Frameworks/SpriteKit.framework/SpriteKit
0x000000023cfe3000 	/System/Library/PrivateFrameworks/QuickLookSupport.framework/QuickLookSupport
0x00000001b81db000 	/System/Library/Frameworks/MediaPlayer.framework/MediaPlayer
0x0000000231e00000 	/System/Library/PrivateFrameworks/PhotosPlayer.framework/PhotosPlayer
0x00000002ac197000 	/System/Library/PrivateFrameworks/PrototypeToolsUI.framework/PrototypeToolsUI
0x00000002a881f000 	/System/Library/PrivateFrameworks/PhotosMediaFoundation.framework/PhotosMediaFoundation
0x00000001ddb42000 	/System/Library/PrivateFrameworks/PhotosSwiftUICore.framework/PhotosSwiftUICore
0x00000001d0397000 	/System/Library/PrivateFrameworks/PhotosUIFoundation.framework/PhotosUIFoundation
0x00000002124d9000 	/System/Library/PrivateFrameworks/SocialLayer.framework/SocialLayer
0x0000000297178000 	/System/Library/PrivateFrameworks/HomeSharing.framework/HomeSharing
0x00000001d35f2000 	/System/Library/PrivateFrameworks/SensitiveContentAnalysisUI.framework/SensitiveContentAnalysisUI
0x00000001de16c000 	/System/Library/PrivateFrameworks/SiriUICore.framework/SiriUICore
0x00000002b4631000 	/System/Library/PrivateFrameworks/SettingsFoundation.framework/SettingsFoundation
0x00000002207e2000 	/System/Library/Frameworks/ExtensionKit.framework/ExtensionKit
0x000000025eadc000 	/System/Library/Frameworks/_AVKit_SwiftUI.framework/_AVKit_SwiftUI
0x0000000245bc9000 	/System/Library/PrivateFrameworks/TrustKit.framework/TrustKit
0x00000002291d7000 	/System/Library/PrivateFrameworks/LocalAuthenticationPrivateUI.framework/LocalAuthenticationPrivateUI
0x0000000268956000 	/System/Library/PrivateFrameworks/CarPlayServices.framework/CarPlayServices
0x000000029a01c000 	/System/Library/PrivateFrameworks/LocalAuthenticationCoreUI.framework/LocalAuthenticationCoreUI
0x00000001b914b000 	/System/Library/PrivateFrameworks/SpringBoardUIServices.framework/SpringBoardUIServices
0x00000001cb33c000 	/System/Library/PrivateFrameworks/TelephonyUI.framework/TelephonyUI
0x00000001df0b9000 	/System/Library/PrivateFrameworks/BannerKit.framework/BannerKit
0x0000000213919000 	/System/Library/PrivateFrameworks/PaperBoardUI.framework/PaperBoardUI
0x00000001cc9d8000 	/System/Library/PrivateFrameworks/SpringBoardFoundation.framework/SpringBoardFoundation
0x00000001dc7e6000 	/System/Library/PrivateFrameworks/SPOwner.framework/SPOwner
0x0000000235408000 	/System/Library/PrivateFrameworks/MaterialKit.framework/MaterialKit
0x00000002abf2d000 	/System/Library/PrivateFrameworks/ProgressUI.framework/ProgressUI
0x00000002a12e9000 	/System/Library/PrivateFrameworks/MobileObliteration.framework/MobileObliteration
0x00000001e5113000 	/System/Library/PrivateFrameworks/CalendarUIKit.framework/CalendarUIKit
0x00000002a1305000 	/System/Library/PrivateFrameworks/MobileStoreDemoKit.framework/MobileStoreDemoKit
0x00000001ed403000 	/System/Library/Frameworks/_MapKit_SwiftUI.framework/_MapKit_SwiftUI
0x000000019cf60000 	/System/Library/Frameworks/WidgetKit.framework/WidgetKit
0x00000001b0cdc000 	/System/Library/Frameworks/ContactsUI.framework/ContactsUI
0x00000001b89b6000 	/System/Library/Frameworks/MapKit.framework/MapKit
0x000000026ffae000 	/System/Library/PrivateFrameworks/DataAccess.framework/DataAccess
0x000000025c88a000 	/System/Library/Frameworks/QuickLook.framework/QuickLook
0x000000025f275000 	/System/Library/Frameworks/_QuickLook_SwiftUI.framework/_QuickLook_SwiftUI
0x000000019afa7000 	/System/Library/PrivateFrameworks/AccessibilityUtilities.framework/AccessibilityUtilities
0x00000001d82b7000 	/System/Library/PrivateFrameworks/CoreRoutine.framework/CoreRoutine
0x00000001b126c000 	/System/Library/PrivateFrameworks/GeoAnalytics.framework/GeoAnalytics
0x00000001de78e000 	/System/Library/PrivateFrameworks/Navigation.framework/Navigation
0x00000001c7270000 	/System/Library/PrivateFrameworks/VectorKit.framework/VectorKit
0x00000002c9eba000 	/System/Library/PrivateFrameworks/_GeoServices_GeoToolbox.framework/_GeoServices_GeoToolbox
0x00000002c44b5000 	/System/Library/PrivateFrameworks/VirtualGarage.framework/VirtualGarage
0x000000023cffe000 	/System/Library/PrivateFrameworks/ContactsDonation.framework/ContactsDonation
0x00000001d692a000 	/System/Library/PrivateFrameworks/TemplateKit.framework/TemplateKit
0x00000001d090d000 	/System/Library/PrivateFrameworks/FindMyLocate.framework/FindMyLocate
0x0000000227c45000 	/System/Library/PrivateFrameworks/MonogramPoster.framework/MonogramPoster
0x00000001d6978000 	/System/Library/PrivateFrameworks/AppSupportUI.framework/AppSupportUI
0x00000002a85cb000 	/System/Library/PrivateFrameworks/PersonaUI.framework/PersonaUI
0x00000001b082d000 	/System/Library/PrivateFrameworks/ContactsUICore.framework/ContactsUICore
0x000000027380e000 	/System/Library/PrivateFrameworks/FindMyCommon.framework/FindMyCommon
0x00000001e4098000 	/System/Library/PrivateFrameworks/FindMyBase.framework/FindMyBase
0x000000025c37e000 	/System/Library/Frameworks/NearbyInteraction.framework/NearbyInteraction
0x0000000273987000 	/System/Library/PrivateFrameworks/FindMyFeatureFlags.framework/FindMyFeatureFlags
0x00000002a85c1000 	/System/Library/PrivateFrameworks/PersonaKit.framework/PersonaKit
0x0000000253153000 	/System/Library/PrivateFrameworks/SupportFlowCore.framework/SupportFlowCore
0x00000002be62c000 	/System/Library/PrivateFrameworks/SupportFlowUI.framework/SupportFlowUI
0x00000001dc530000 	/System/Library/PrivateFrameworks/TipsCore.framework/TipsCore
0x000000023242a000 	/System/Library/PrivateFrameworks/NetAppsUtilities.framework/NetAppsUtilities
0x0000000268ecf000 	/System/Library/PrivateFrameworks/CertUI.framework/CertUI
0x00000001ed802000 	/System/Library/PrivateFrameworks/MIME.framework/MIME
0x00000002a4cd5000 	/System/Library/PrivateFrameworks/Notes.framework/Notes
0x00000001dfc5f000 	/System/Library/PrivateFrameworks/Email.framework/Email
0x00000001ed845000 	/System/Library/PrivateFrameworks/MessageSupport.framework/MessageSupport
0x00000001d2070000 	/System/Library/PrivateFrameworks/NotesSupport.framework/NotesSupport
0x00000001c0bc0000 	/System/Library/Frameworks/SafariServices.framework/SafariServices
0x00000001cf140000 	/System/Library/Frameworks/MessageUI.framework/MessageUI
0x000000026445e000 	/System/Library/PrivateFrameworks/AppProtectionUI.framework/AppProtectionUI
0x00000001dd7d3000 	/System/Library/PrivateFrameworks/Calculate.framework/Calculate
0x00000001bff15000 	/System/Library/Frameworks/AuthenticationServices.framework/AuthenticationServices
0x0000000266a1a000 	/System/Library/PrivateFrameworks/AuthenticationServicesCore.framework/AuthenticationServicesCore
0x00000001d1e48000 	/System/Library/PrivateFrameworks/Preferences.framework/Preferences
0x00000002c7126000 	/System/Library/PrivateFrameworks/WebBookmarks.framework/WebBookmarks
0x00000001db681000 	/System/Library/Frameworks/PencilKit.framework/PencilKit
0x00000001d29c2000 	/System/Library/PrivateFrameworks/ContactsAutocompleteUI.framework/ContactsAutocompleteUI
0x00000002a7aeb000 	/System/Library/PrivateFrameworks/PasswordManagerUI.framework/PasswordManagerUI
0x00000002675fc000 	/System/Library/PrivateFrameworks/BrowserSupportKit.framework/BrowserSupportKit
0x00000001de362000 	/System/Library/PrivateFrameworks/AppStoreComponents.framework/AppStoreComponents
0x00000001986ad000 	/System/Library/PrivateFrameworks/MobileSafari.framework/MobileSafari
0x00000001d2c5d000 	/System/Library/PrivateFrameworks/SafariSharedUI.framework/SafariSharedUI
0x00000002b2112000 	/System/Library/PrivateFrameworks/SafariFoundation.framework/SafariFoundation
0x000000022727f000 	/System/Library/PrivateFrameworks/WebUI.framework/WebUI
0x00000001bb681000 	/System/Library/PrivateFrameworks/SafariCore.framework/SafariCore
0x00000002380a2000 	/System/Library/PrivateFrameworks/AuthKitUI.framework/AuthKitUI
0x00000001dcceb000 	/System/Library/PrivateFrameworks/AppSSO.framework/AppSSO
0x000000025ae2b000 	/System/Library/Frameworks/LocalAuthenticationEmbeddedUI.framework/LocalAuthenticationEmbeddedUI
0x00000001e0a21000 	/System/Library/Frameworks/FoundationModels.framework/FoundationModels
0x00000002325b7000 	/System/Library/PrivateFrameworks/RemoteUI.framework/RemoteUI
0x000000025ff1c000 	/System/Library/PrivateFrameworks/AAAFoundationUI.framework/AAAFoundationUI
0x0000000299a43000 	/System/Library/PrivateFrameworks/LiftUI.framework/LiftUI
0x00000001e5bd4000 	/System/Library/PrivateFrameworks/_IconServices_SwiftUI.framework/_IconServices_SwiftUI
0x000000023250a000 	/System/Library/PrivateFrameworks/Settings.framework/Settings
0x0000000269cc9000 	/System/Library/PrivateFrameworks/CloudSettings.framework/CloudSettings
0x0000000294747000 	/System/Library/PrivateFrameworks/HelpKit.framework/HelpKit
0x00000001e1126000 	/System/Library/PrivateFrameworks/TipsUI.framework/TipsUI
0x00000001a58ae000 	/System/Library/Frameworks/HealthKit.framework/HealthKit
0x00000002c414c000 	/System/Library/PrivateFrameworks/UserNotificationsSettings.framework/UserNotificationsSettings
0x0000000294246000 	/System/Library/PrivateFrameworks/HealthUtilities.framework/HealthUtilities
0x000000023c14c000 	/System/Library/PrivateFrameworks/CoreCDP.framework/CoreCDP
0x0000000250854000 	/System/Library/PrivateFrameworks/CoreRoutineDiagnostics.framework/CoreRoutineDiagnostics
0x000000025f8b1000 	/System/Library/Frameworks/_WebKit_SwiftUI.framework/_WebKit_SwiftUI
0x0000000269029000 	/System/Library/PrivateFrameworks/Chirp.framework/Chirp
0x000000024fdbb000 	/System/Library/PrivateFrameworks/RemoteManagement.framework/RemoteManagement
0x00000002ae773000 	/System/Library/PrivateFrameworks/RemoteManagementModel.framework/RemoteManagementModel
0x00000002ae7e3000 	/System/Library/PrivateFrameworks/RemoteManagementStore.framework/RemoteManagementStore
0x00000002ae7da000 	/System/Library/PrivateFrameworks/RemoteManagementProtocol.framework/RemoteManagementProtocol
0x00000002cf88b000 	/usr/lib/libAWDSupport.dylib
0x000000029a1ad000 	/System/Library/PrivateFrameworks/LowPowerMode.framework/LowPowerMode
0x00000002587db000 	/System/Library/Frameworks/AppTrackingTransparency.framework/AppTrackingTransparency
0x000000025a48f000 	/System/Library/Frameworks/ExposureNotification.framework/ExposureNotification
0x00000002331e1000 	/System/Library/PrivateFrameworks/DriverManagement.framework/DriverManagement
0x00000001bb8d4000 	/System/Library/PrivateFrameworks/SafariShared.framework/SafariShared
0x00000001dd054000 	/System/Library/Frameworks/GroupActivities.framework/GroupActivities
0x00000002c3f2a000 	/System/Library/PrivateFrameworks/UsageTracking.framework/UsageTracking
0x00000001d0d1e000 	/System/Library/PrivateFrameworks/ScreenTimeCore.framework/ScreenTimeCore
0x00000002b21f9000 	/System/Library/PrivateFrameworks/Sage.framework/Sage
0x00000002c3b87000 	/System/Library/PrivateFrameworks/UnilogCommonLibrary.framework/UnilogCommonLibrary
0x00000002c3c1b000 	/System/Library/PrivateFrameworks/UnilogInstrumentation.framework/UnilogInstrumentation
0x00000002d87ba000 	/System/Library/PrivateFrameworks/UnilogSafariSearchLibrary.framework/UnilogSafariSearchLibrary
0x00000002990a7000 	/System/Library/PrivateFrameworks/KnowledgeMonitor.framework/KnowledgeMonitor
0x000000026a655000 	/System/Library/PrivateFrameworks/ConfigurationEngineModel.framework/ConfigurationEngineModel
0x00000001d40f4000 	/System/Library/PrivateFrameworks/ScreenTimeSettingsServices.framework/ScreenTimeSettingsServices
0x000000025a1db000 	/System/Library/Frameworks/DeviceActivity.framework/DeviceActivity
0x00000001b7bf0000 	/System/Library/PrivateFrameworks/JetEngine.framework/JetEngine
0x00000001dce5f000 	/System/Library/PrivateFrameworks/JetUI.framework/JetUI
0x00000002cad7f000 	/System/Library/PrivateFrameworks/iTunesStore.framework/iTunesStore
0x00000001d0e50000 	/System/Library/PrivateFrameworks/_JetEngine_SwiftUI.framework/_JetEngine_SwiftUI
0x00000001ed0db000 	/System/Library/Frameworks/ManagedSettings.framework/ManagedSettings
0x000000029f78e000 	/System/Library/PrivateFrameworks/ManagedSettingsSupport.framework/ManagedSettingsSupport
0x00000002b249e000 	/System/Library/PrivateFrameworks/ScreenReaderCore.framework/ScreenReaderCore
0x00000002bdf29000 	/System/Library/PrivateFrameworks/StocksKit.framework/StocksKit
0x00000002148b2000 	/System/Library/PrivateFrameworks/StocksCore.framework/StocksCore
0x00000001d97b8000 	/System/Library/PrivateFrameworks/TeaFoundation.framework/TeaFoundation
0x00000002bf952000 	/System/Library/PrivateFrameworks/TeaSettings.framework/TeaSettings
0x00000002117b8000 	/System/Library/PrivateFrameworks/NewsCore.framework/NewsCore
0x0000000228be3000 	/System/Library/PrivateFrameworks/TeaDB.framework/TeaDB
0x0000000228c4b000 	/System/Library/PrivateFrameworks/RemoteConfiguration.framework/RemoteConfiguration
0x00000002643ab000 	/System/Library/PrivateFrameworks/AppPrivateData.framework/AppPrivateData
0x00000002a46b0000 	/System/Library/PrivateFrameworks/NewsTransport.framework/NewsTransport
0x00000002a4616000 	/System/Library/PrivateFrameworks/NewsFoundation.framework/NewsFoundation
0x00000002a49f3000 	/System/Library/PrivateFrameworks/NewsURLBucket.framework/NewsURLBucket
0x00000001d2719000 	/System/Library/PrivateFrameworks/TextComposer.framework/TextComposer
0x000000021a6d6000 	/System/Library/PrivateFrameworks/Archetype.framework/Archetype
0x00000002c3c9f000 	/System/Library/PrivateFrameworks/UnilogPlatformLibrary.framework/UnilogPlatformLibrary
0x000000023792c000 	/System/Library/PrivateFrameworks/UnilogTelemetry.framework/UnilogTelemetry
0x0000000269afb000 	/System/Library/PrivateFrameworks/CloudKitCode.framework/CloudKitCode
0x00000001ecac7000 	/System/Library/PrivateFrameworks/CopresenceCore.framework/CopresenceCore
0x00000001d5cc8000 	/System/Library/PrivateFrameworks/CoreHandwriting.framework/CoreHandwriting
0x00000001dff10000 	/System/Library/PrivateFrameworks/ProofReader.framework/ProofReader
0x000000029f5ea000 	/System/Library/PrivateFrameworks/MailServices.framework/MailServices
0x00000001cb612000 	/System/Library/PrivateFrameworks/Message.framework/Message
0x00000001ed75a000 	/System/Library/PrivateFrameworks/MailSupport.framework/MailSupport
0x0000000217f5f000 	/System/Library/PrivateFrameworks/EmailDaemon.framework/EmailDaemon
0x00000002b32e0000 	/System/Library/PrivateFrameworks/SearchIntrospectionKit.framework/SearchIntrospectionKit
0x000000029f5b5000 	/System/Library/PrivateFrameworks/MailKit.framework/MailKit
0x00000001bfb26000 	/System/Library/Frameworks/SharedWithYou.framework/SharedWithYou
0x00000002732e8000 	/System/Library/PrivateFrameworks/Feedback.framework/Feedback
0x00000002143c1000 	/System/Library/PrivateFrameworks/ProactiveSummarizationClient.framework/ProactiveSummarizationClient
0x0000000270307000 	/System/Library/PrivateFrameworks/DefaultAppsSettings.framework/DefaultAppsSettings
0x00000001c97b8000 	/System/Library/Frameworks/Charts.framework/Charts
0x000000021a8c3000 	/System/Library/Frameworks/RealityKit.framework/RealityKit
0x00000002ce2a2000 	/System/Library/SubFrameworks/RealityFoundationCloth.framework/RealityFoundationCloth
0x00000002ce196000 	/System/Library/SubFrameworks/RealityCoreDeformation.framework/RealityCoreDeformation
0x00000002ce1ac000 	/System/Library/SubFrameworks/RealityCoreRenderer.framework/RealityCoreRenderer
0x00000002ce296000 	/System/Library/SubFrameworks/RealityCoreTextureProcessing.framework/RealityCoreTextureProcessing
0x00000002ac9d7000 	/System/Library/PrivateFrameworks/RealityIO.framework/RealityIO
0x000000025c211000 	/System/Library/Frameworks/MultipeerConnectivity.framework/MultipeerConnectivity
0x000000026d4a8000 	/System/Library/PrivateFrameworks/CoreMaterial3D.framework/CoreMaterial3D
0x000000025c429000 	/System/Library/Frameworks/OpenAL.framework/OpenAL
0x0000000298d31000 	/System/Library/PrivateFrameworks/Jet.framework/Jet
0x00000002ac1a4000 	/System/Library/PrivateFrameworks/ProxCardKit.framework/ProxCardKit
0x00000002422da000 	/System/Library/PrivateFrameworks/LiveTranscription.framework/LiveTranscription
0x000000021427f000 	/System/Library/PrivateFrameworks/VoiceTrigger.framework/VoiceTrigger
0x000000023274e000 	/System/Library/Frameworks/MarketplaceKit.framework/MarketplaceKit
0x00000002a078a000 	/System/Library/PrivateFrameworks/MessageProtection.framework/MessageProtection
0x00000001de5ae000 	/System/Library/Frameworks/ManagedAppDistribution.framework/ManagedAppDistribution
0x00000001b92e8000 	/System/Library/PrivateFrameworks/PersonalizationPortrait.framework/PersonalizationPortrait
0x00000002a85ef000 	/System/Library/PrivateFrameworks/PersonalIntelligenceCore.framework/PersonalIntelligenceCore
0x00000002c89c6000 	/System/Library/PrivateFrameworks/WirelessDiagnostics.framework/WirelessDiagnostics
0x0000000237f9d000 	/System/Library/PrivateFrameworks/AirPlaySupport.framework/AirPlaySupport
0x00000002cf8cb000 	/usr/lib/libAWDSupportFramework.dylib
0x00000002c8924000 	/System/Library/PrivateFrameworks/WiFiVelocity.framework/WiFiVelocity
0x0000000265edc000 	/System/Library/PrivateFrameworks/AppleSRP.framework/AppleSRP
0x00000001dca90000 	/System/Library/PrivateFrameworks/AccessibilityUIUtilities.framework/AccessibilityUIUtilities
0x00000002674f1000 	/System/Library/PrivateFrameworks/BrailleTranslation.framework/BrailleTranslation
0x00000001dcb12000 	/System/Library/PrivateFrameworks/AccessibilitySharedSupport.framework/AccessibilitySharedSupport
0x00000001bac1d000 	/System/Library/PrivateFrameworks/TextToSpeech.framework/TextToSpeech
0x00000002b24cb000 	/System/Library/PrivateFrameworks/ScreenReaderOutput.framework/ScreenReaderOutput
0x00000002c6dc7000 	/System/Library/PrivateFrameworks/VoiceOverServices.framework/VoiceOverServices
0x00000002c2277000 	/System/Library/PrivateFrameworks/TouchAccommodations.framework/TouchAccommodations
0x000000026741c000 	/System/Library/PrivateFrameworks/BrailleFoundation.framework/BrailleFoundation
0x00000002674a4000 	/System/Library/PrivateFrameworks/BrailleServer.framework/BrailleServer
0x0000000261c67000 	/System/Library/PrivateFrameworks/AccessibilitySharedUISupport.framework/AccessibilitySharedUISupport
0x00000002c8a04000 	/System/Library/PrivateFrameworks/WirelessProximity.framework/WirelessProximity
0x00000002aa3cb000 	/System/Library/PrivateFrameworks/PrivateCloudCompute.framework/PrivateCloudCompute
0x000000024f858000 	/System/Library/PrivateFrameworks/CloudAttestation.framework/CloudAttestation
0x00000002d2b76000 	/usr/lib/libimage4.dylib
0x00000002d09dc000 	/usr/lib/libImage4_V2.dylib
0x0000000273428000 	/System/Library/PrivateFrameworks/FeedbackCore.framework/FeedbackCore
0x000000027075d000 	/System/Library/PrivateFrameworks/DiagnosticExtensionsDaemon.framework/DiagnosticExtensionsDaemon
0x00000002726c0000 	/System/Library/PrivateFrameworks/EnhancedLoggingState.framework/EnhancedLoggingState
0x0000000272668000 	/System/Library/PrivateFrameworks/EnhancedLogging.framework/EnhancedLogging
0x00000002707ef000 	/System/Library/PrivateFrameworks/DiagnosticExtensionsKit.framework/DiagnosticExtensionsKit
0x00000001b63d5000 	/System/Library/Frameworks/HomeKit.framework/HomeKit
0x0000000241363000 	/System/Library/PrivateFrameworks/HomeKitFeatures.framework/HomeKitFeatures
0x0000000262864000 	/System/Library/PrivateFrameworks/AirPlayRoutePrediction.framework/AirPlayRoutePrediction
0x00000001def5b000 	/System/Library/PrivateFrameworks/HMFoundation.framework/HMFoundation
0x0000000295d0c000 	/System/Library/PrivateFrameworks/HomeKitClips.framework/HomeKitClips
0x0000000241365000 	/System/Library/PrivateFrameworks/HomeKitEventRouter.framework/HomeKitEventRouter
0x000000025afbc000 	/System/Library/Frameworks/Matter.framework/Matter
0x00000002c239d000 	/System/Library/PrivateFrameworks/TouchRemote.framework/TouchRemote
0x00000001ccab8000 	/System/Library/PrivateFrameworks/UIAccessibility.framework/UIAccessibility
0x0000000217f3a000 	/System/Library/PrivateFrameworks/WebPrivacy.framework/WebPrivacy
0x00000002d3989000 	/usr/lib/swift/libswiftDataDetection.dylib
0x00000002d39ed000 	/usr/lib/swift/libswiftFileProvider.dylib
0x00000002d3ad1000 	/usr/lib/swift/libswiftUIKit.dylib
0x00000001a0c35000 	/System/Library/PrivateFrameworks/BaseBoard.framework/BaseBoard
0x000000029edbc000 	/System/Library/PrivateFrameworks/MSUDataAccessor.framework/MSUDataAccessor
0x0000000194fe1000 	/System/Library/Frameworks/CoreGraphics.framework/CoreGraphics
0x0000000198c66000 	/System/Library/Frameworks/ImageIO.framework/ImageIO
0x00000001c8dce000 	/System/Library/PrivateFrameworks/FontServices.framework/libFontParser.dylib
0x00000001ee548000 	/System/Library/PrivateFrameworks/TextRecognition.framework/TextRecognition
0x0000000255220000 	/System/Library/Frameworks/Accelerate.framework/Accelerate
0x00000002d273d000 	/usr/lib/libhvf.dylib
0x00000002a7a0b000 	/System/Library/PrivateFrameworks/ParsingInternal.framework/ParsingInternal
0x00000002d3ae2000 	/usr/lib/swift/libswiftsimd.dylib
0x000000019ba86000 	/System/Library/PrivateFrameworks/TextInput.framework/TextInput
0x00000001a1308000 	/System/Library/Frameworks/UniformTypeIdentifiers.framework/UniformTypeIdentifiers
0x00000001dffe5000 	/System/Library/PrivateFrameworks/CVNLP.framework/CVNLP
0x00000002d370c000 	/usr/lib/libperfcheck.dylib
0x00000001a01cf000 	/System/Library/Frameworks/CoreMedia.framework/CoreMedia
0x000000019fc68000 	/System/Library/Frameworks/VideoToolbox.framework/VideoToolbox
0x0000000274ddd000 	/System/Library/PrivateFrameworks/Futhark.framework/Futhark
0x00000001c1060000 	/System/Library/Frameworks/CoreVideo.framework/CoreVideo
0x000000024b0af000 	/System/Library/PrivateFrameworks/VisionCore.framework/VisionCore
0x00000001dc897000 	/System/Library/PrivateFrameworks/Lexicon.framework/Lexicon
0x00000001a6ec4000 	/System/Library/Frameworks/CoreML.framework/CoreML
0x0000000299316000 	/System/Library/PrivateFrameworks/LinguisticData.framework/LinguisticData
0x00000001b6881000 	/System/Library/Frameworks/Metal.framework/Metal
0x00000002497b8000 	/System/Library/PrivateFrameworks/LanguageModeling.framework/LanguageModeling
0x00000001b6af3000 	/System/Library/Frameworks/CoreImage.framework/CoreImage
0x00000001e3ecc000 	/System/Library/Frameworks/NaturalLanguage.framework/NaturalLanguage
0x00000001a5fea000 	/System/Library/PrivateFrameworks/Espresso.framework/Espresso
0x00000001ab5ea000 	/System/Library/Frameworks/CoreText.framework/CoreText
0x00000001d841d000 	/System/Library/PrivateFrameworks/DataDetectorsCore.framework/DataDetectorsCore
0x00000001e5d58000 	/System/Library/Frameworks/DataDetection.framework/DataDetection
0x00000001ef0e3000 	/usr/lib/swift/libswiftAccelerate.dylib
0x00000002d3957000 	/usr/lib/swift/libswiftCoreAudio.dylib
0x00000002d3978000 	/usr/lib/swift/libswiftCoreImage.dylib
0x00000002d39fc000 	/usr/lib/swift/libswiftMLCompute.dylib
0x00000002d3a05000 	/usr/lib/swift/libswiftMetal.dylib
0x00000002d3a12000 	/usr/lib/swift/libswiftNaturalLanguage.dylib
0x00000002d3a2c000 	/usr/lib/swift/libswiftQuartzCore.dylib
0x00000001a1127000 	/usr/lib/swift/libswiftRegexBuilder.dylib
0x00000001cf133000 	/usr/lib/swift/libswiftUniformTypeIdentifiers.dylib
0x00000001a12cb000 	/System/Library/PrivateFrameworks/AppSupport.framework/AppSupport
0x000000019b4a2000 	/System/Library/PrivateFrameworks/BackBoardServices.framework/BackBoardServices
0x00000001e06c9000 	/System/Library/PrivateFrameworks/InternationalSupport.framework/InternationalSupport
0x000000026da3b000 	/System/Library/PrivateFrameworks/CorePhoneNumbers.framework/CorePhoneNumbers
0x00000002d073f000 	/usr/lib/libCTGreenTeaLogger.dylib
0x00000001d9330000 	/System/Library/Frameworks/LocalAuthentication.framework/LocalAuthentication
0x00000001c879c000 	/System/Library/PrivateFrameworks/PlugInKit.framework/PlugInKit
0x0000000217c5b000 	/System/Library/PrivateFrameworks/LocalAuthenticationCore.framework/LocalAuthenticationCore
0x000000029a0e4000 	/System/Library/PrivateFrameworks/LocalAuthenticationCredentialServices.framework/LocalAuthenticationCredentialServices
0x000000023d058000 	/System/Library/Frameworks/LocalAuthentication.framework/Support/SharedUtils.framework/SharedUtils
0x00000001a0d02000 	/System/Library/PrivateFrameworks/BoardServices.framework/BoardServices
0x00000001b9093000 	/System/Library/PrivateFrameworks/FrontBoardServices.framework/FrontBoardServices
0x000000019d6d9000 	/System/Library/PrivateFrameworks/RunningBoardServices.framework/RunningBoardServices
0x00000001ab54c000 	/System/Library/PrivateFrameworks/SpringBoardServices.framework/SpringBoardServices
0x00000001a0b92000 	/usr/lib/libAccessibility.dylib
0x00000001c934e000 	/System/Library/PrivateFrameworks/TCC.framework/TCC
0x000000019fc13000 	/System/Library/PrivateFrameworks/UserManagement.framework/UserManagement
0x00000001983cd000 	/System/Library/Frameworks/ExtensionFoundation.framework/ExtensionFoundation
0x0000000264652000 	/System/Library/PrivateFrameworks/AppServerSupport.framework/AppServerSupport
0x00000002a656f000 	/System/Library/PrivateFrameworks/OSEligibility.framework/OSEligibility
0x00000001d2a17000 	/System/Library/Frameworks/LightweightCodeRequirements.framework/LightweightCodeRequirements
0x000000026636f000 	/System/Library/PrivateFrameworks/AssertionServices.framework/AssertionServices
0x00000002d3a1a000 	/usr/lib/swift/libswiftOSLog.dylib
0x000000025523a000 	/System/Library/Frameworks/Accelerate.framework/Frameworks/vImage.framework/vImage
0x0000000258614000 	/System/Library/Frameworks/Accelerate.framework/Frameworks/vecLib.framework/vecLib
0x00000002585ba000 	/System/Library/Frameworks/Accelerate.framework/Frameworks/vecLib.framework/libvMisc.dylib
0x000000025558c000 	/System/Library/Frameworks/Accelerate.framework/Frameworks/vecLib.framework/libBLAS.dylib
0x00000001aff0e000 	/System/Library/Frameworks/ColorSync.framework/ColorSync
0x000000025c51c000 	/System/Library/Frameworks/OpenGLES.framework/OpenGLES
0x0000000297723000 	/System/Library/PrivateFrameworks/IOAccelerator.framework/IOAccelerator
0x0000000277561000 	/System/Library/PrivateFrameworks/GPUCompiler.framework/Versions/32023/Libraries/libllvm-flatbuffers.dylib
0x0000000274d49000 	/System/Library/PrivateFrameworks/FramePacing.framework/FramePacing
0x000000025c526000 	/System/Library/Frameworks/OpenGLES.framework/libCoreFSCache.dylib
0x000000027755a000 	/System/Library/PrivateFrameworks/GPUCompiler.framework/Versions/32023/Libraries/libGPUCompilerUtils.dylib
0x000000025c534000 	/System/Library/Frameworks/OpenGLES.framework/libGFXShared.dylib
0x000000025c53d000 	/System/Library/Frameworks/OpenGLES.framework/libGLImage.dylib
0x000000025c524000 	/System/Library/Frameworks/OpenGLES.framework/libCVMSPluginSupport.dylib
0x000000025c52e000 	/System/Library/Frameworks/OpenGLES.framework/libCoreVMClient.dylib
0x0000000258485000 	/System/Library/Frameworks/Accelerate.framework/Frameworks/vecLib.framework/libvDSP.dylib
0x0000000256f72000 	/System/Library/Frameworks/Accelerate.framework/Frameworks/vecLib.framework/libLAPACK.dylib
0x0000000258236000 	/System/Library/Frameworks/Accelerate.framework/Frameworks/vecLib.framework/libLinearAlgebra.dylib
0x00000002583c3000 	/System/Library/Frameworks/Accelerate.framework/Frameworks/vecLib.framework/libSparseBLAS.dylib
0x000000025824a000 	/System/Library/Frameworks/Accelerate.framework/Frameworks/vecLib.framework/libQuadrature.dylib
0x0000000255cf8000 	/System/Library/Frameworks/Accelerate.framework/Frameworks/vecLib.framework/libBNNS.dylib
0x000000025824f000 	/System/Library/Frameworks/Accelerate.framework/Frameworks/vecLib.framework/libSparse.dylib
0x000000029a368000 	/System/Library/PrivateFrameworks/MIL.framework/MIL
0x000000025c41b000 	/System/Library/Frameworks/OSLog.framework/OSLog
0x00000001d3c10000 	/System/Library/PrivateFrameworks/LoggingSupport.framework/LoggingSupport
0x000000019579b000 	/System/Library/Frameworks/QuartzCore.framework/QuartzCore
0x000000021425c000 	/System/Library/PrivateFrameworks/HangTracer.framework/HangTracer
0x0000000260deb000 	/System/Library/PrivateFrameworks/ASEProcessing.framework/ASEProcessing
0x00000002b4f0f000 	/System/Library/PrivateFrameworks/SignpostMetrics.framework/SignpostMetrics
0x00000002ccabe000 	/System/Library/PrivateFrameworks/libEDR.framework/libEDR
0x0000000270832000 	/System/Library/PrivateFrameworks/DiagnosticRequest.framework/DiagnosticRequest
0x00000002a8967000 	/System/Library/PrivateFrameworks/PhotosensitivityProcessing.framework/PhotosensitivityProcessing
0x000000023b3d6000 	/System/Library/PrivateFrameworks/TimeSync.framework/TimeSync
0x0000000265da2000 	/System/Library/PrivateFrameworks/AppleMSG.framework/AppleMSG
0x00000002af395000 	/System/Library/PrivateFrameworks/SILManager.framework/SILManager
0x000000029776b000 	/System/Library/PrivateFrameworks/IOSurfaceAccelerator.framework/IOSurfaceAccelerator
0x00000001c931b000 	/System/Library/PrivateFrameworks/PowerLog.framework/PowerLog
0x00000002672a2000 	/System/Library/PrivateFrameworks/BlockMonitoring.framework/BlockMonitoring
0x0000000236d19000 	/usr/lib/libapp_launch_measurement.dylib
0x00000002ccb13000 	/System/Library/PrivateFrameworks/perfdata.framework/perfdata
0x00000002d09d3000 	/usr/lib/libIOReport.dylib
0x00000002d116f000 	/usr/lib/libSMC.dylib
0x00000001a131b000 	/System/Library/Frameworks/MediaAccessibility.framework/MediaAccessibility
0x0000000265b72000 	/System/Library/PrivateFrameworks/AppleJPEG.framework/AppleJPEG
0x00000002d230f000 	/usr/lib/libexpat.1.dylib
0x00000002d19a1000 	/usr/lib/libate.dylib
0x00000001bfa07000 	/System/Library/PrivateFrameworks/MobileAsset.framework/MobileAsset
0x0000000274c81000 	/System/Library/PrivateFrameworks/FontServices.framework/libGSFontCache.dylib
0x00000001e111b000 	/System/Library/PrivateFrameworks/FontServices.framework/libGSFont.dylib
0x00000002a65bf000 	/System/Library/PrivateFrameworks/OTSVG.framework/OTSVG
0x00000001e1352000 	/System/Library/PrivateFrameworks/FontServices.framework/FontServices
0x00000001d1f5c000 	/System/Library/PrivateFrameworks/SoftwareUpdateCoreSupport.framework/SoftwareUpdateCoreSupport
0x00000001b0762000 	/System/Library/PrivateFrameworks/SoftwareUpdateCoreConnect.framework/SoftwareUpdateCoreConnect
0x00000002190d3000 	/System/Library/PrivateFrameworks/StreamingZip.framework/StreamingZip
0x00000002ae835000 	/System/Library/PrivateFrameworks/RemoteServiceDiscovery.framework/RemoteServiceDiscovery
0x00000002ae84f000 	/System/Library/PrivateFrameworks/RemoteXPC.framework/RemoteXPC
0x00000001b8f3d000 	/usr/lib/libFDR.dylib
0x00000002d186b000 	/usr/lib/libamsupport.dylib
0x00000002d110f000 	/usr/lib/libReverseProxyDevice.dylib
0x000000026533f000 	/System/Library/PrivateFrameworks/AppleDeviceQuerySupport.framework/AppleDeviceQuerySupport
0x00000002d36c8000 	/usr/lib/libpartition2_dynamic.dylib
0x00000002cfd4b000 	/usr/lib/libAppleArchive.dylib
0x00000002977ea000 	/System/Library/PrivateFrameworks/IdleTimerServices.framework/IdleTimerServices
0x000000023bdff000 	/System/Library/PrivateFrameworks/GraphicsServices.framework/GraphicsServices
0x0000000297764000 	/System/Library/PrivateFrameworks/IOKitten.framework/IOKitten
0x00000002d394f000 	/usr/lib/swift/libswiftCompression.dylib
0x00000002a8228000 	/System/Library/PrivateFrameworks/PerfPowerMetricMonitor.framework/PerfPowerMetricMonitor
0x00000001af86e000 	/System/Library/Frameworks/CoreTelephony.framework/CoreTelephony
0x00000002d22d0000 	/usr/lib/libcupolicy.dylib
0x00000001b8ff0000 	/usr/lib/libTelephonyUtilDynamic.dylib
0x00000001d26ea000 	/System/Library/PrivateFrameworks/CommonUtilities.framework/CommonUtilities
0x00000002a23e8000 	/System/Library/PrivateFrameworks/MobileWiFi.framework/MobileWiFi
0x00000002672f1000 	/System/Library/PrivateFrameworks/Bom.framework/Bom
0x00000002537a7000 	/System/Library/PrivateFrameworks/CoreWiFi.framework/CoreWiFi
0x000000026827d000 	/System/Library/PrivateFrameworks/CaptiveNetwork.framework/CaptiveNetwork
0x00000002976ba000 	/System/Library/PrivateFrameworks/IO80211.framework/IO80211
0x0000000272410000 	/System/Library/PrivateFrameworks/EAP8021X.framework/EAP8021X
0x00000002c8640000 	/System/Library/PrivateFrameworks/WiFiPeerToPeer.framework/WiFiPeerToPeer
0x0000000268e63000 	/System/Library/PrivateFrameworks/Centauri.framework/Centauri
0x00000002d3363000 	/usr/lib/libmrc.dylib
0x00000002a4290000 	/System/Library/PrivateFrameworks/Netrb.framework/Netrb
0x000000029778b000 	/System/Library/PrivateFrameworks/IPConfiguration.framework/IPConfiguration
0x00000002d272c000 	/usr/lib/libgermantok.dylib
0x00000001d25d5000 	/System/Library/Frameworks/UserNotifications.framework/UserNotifications
0x0000000265389000 	/System/Library/PrivateFrameworks/AppleFSCompression.framework/AppleFSCompression
0x00000002d1061000 	/usr/lib/libParallelCompression.dylib
0x00000001b78be000 	/System/Library/PrivateFrameworks/CMPhoto.framework/CMPhoto
0x00000001a7d44000 	/System/Library/Frameworks/MediaToolbox.framework/MediaToolbox
0x00000001baa3a000 	/System/Library/PrivateFrameworks/Montreal.framework/Montreal
0x000000025c005000 	/System/Library/Frameworks/MetalPerformanceShaders.framework/MetalPerformanceShaders
0x0000000267862000 	/System/Library/PrivateFrameworks/ByteMatrixVerification.framework/ByteMatrixVerification
0x00000002d07ff000 	/usr/lib/libFDRDecode.dylib
0x0000000265bb9000 	/System/Library/PrivateFrameworks/AppleJPEGXL.framework/AppleJPEGXL
0x000000025bc32000 	/System/Library/Frameworks/MetalPerformanceShaders.framework/Frameworks/MPSCore.framework/MPSCore
0x000000025bcf9000 	/System/Library/Frameworks/MetalPerformanceShaders.framework/Frameworks/MPSImage.framework/MPSImage
0x000000025bdae000 	/System/Library/Frameworks/MetalPerformanceShaders.framework/Frameworks/MPSNeuralNetwork.framework/MPSNeuralNetwork
0x000000025bd86000 	/System/Library/Frameworks/MetalPerformanceShaders.framework/Frameworks/MPSMatrix.framework/MPSMatrix
0x000000025bfb1000 	/System/Library/Frameworks/MetalPerformanceShaders.framework/Frameworks/MPSRayIntersector.framework/MPSRayIntersector
0x000000024aedd000 	/System/Library/Frameworks/MetalPerformanceShaders.framework/Frameworks/MPSNDArray.framework/MPSNDArray
0x000000025bce1000 	/System/Library/Frameworks/MetalPerformanceShaders.framework/Frameworks/MPSFunctions.framework/MPSFunctions
0x000000025bc21000 	/System/Library/Frameworks/MetalPerformanceShaders.framework/Frameworks/MPSBenchmarkLoop.framework/MPSBenchmarkLoop
0x000000025bcf4000 	/System/Library/Frameworks/MetalPerformanceShaders.framework/Frameworks/MPSHost.framework/MPSHost
0x000000029ede9000 	/System/Library/PrivateFrameworks/MTL3On4.framework/MTL3On4
0x000000029771b000 	/System/Library/PrivateFrameworks/IOAccelMemoryInfo.framework/IOAccelMemoryInfo
0x00000002ccaaf000 	/System/Library/PrivateFrameworks/kperf.framework/kperf
0x00000002775b0000 	/System/Library/PrivateFrameworks/GPURawCounter.framework/GPURawCounter
0x00000002a09b6000 	/System/Library/PrivateFrameworks/MetalTools.framework/MetalTools
0x00000002c446f000 	/System/Library/PrivateFrameworks/VideoToolboxParavirtualizationSupport.framework/VideoToolboxParavirtualizationSupport
0x00000001cc4e2000 	/System/Library/PrivateFrameworks/DuetActivityScheduler.framework/DuetActivityScheduler
0x00000001bfbac000 	/System/Library/PrivateFrameworks/MediaExperience.framework/MediaExperience
0x000000024e33b000 	/System/Library/PrivateFrameworks/NanoRegistry.framework/NanoRegistry
0x00000002641fd000 	/System/Library/PrivateFrameworks/AppConduit.framework/AppConduit
0x00000001baffd000 	/System/Library/PrivateFrameworks/CoreDuetContext.framework/CoreDuetContext
0x0000000270205000 	/System/Library/PrivateFrameworks/DataMigration.framework/DataMigration
0x000000019f405000 	/System/Library/PrivateFrameworks/BiomeLibrary.framework/BiomeLibrary
0x00000001a76c0000 	/System/Library/PrivateFrameworks/CoreDuet.framework/CoreDuet
0x0000000197c45000 	/System/Library/PrivateFrameworks/BiomeStreams.framework/BiomeStreams
0x00000001cc3cc000 	/System/Library/PrivateFrameworks/BiomeFoundation.framework/BiomeFoundation
0x00000001d3287000 	/System/Library/PrivateFrameworks/BiomePubSub.framework/BiomePubSub
0x000000024e32d000 	/System/Library/PrivateFrameworks/NanoPreferencesSync.framework/NanoPreferencesSync
0x00000001e1321000 	/System/Library/PrivateFrameworks/MobileInstallation.framework/MobileInstallation
0x00000001a10f7000 	/System/Library/PrivateFrameworks/PairedDeviceRegistry.framework/PairedDeviceRegistry
0x00000002456cf000 	/System/Library/PrivateFrameworks/IconFoundation.framework/IconFoundation
0x00000001dde6c000 	/System/Library/PrivateFrameworks/IconRendering.framework/IconRendering
0x00000002af270000 	/System/Library/PrivateFrameworks/SFSymbols.framework/SFSymbols
0x00000001cc873000 	/System/Library/PrivateFrameworks/CoreUI.framework/CoreUI
0x000000025a1c4000 	/System/Library/Frameworks/DeveloperToolsSupport.framework/DeveloperToolsSupport
0x00000001c44c6000 	/System/Library/PrivateFrameworks/RenderBox.framework/RenderBox
0x000000023cd12000 	/System/Library/PrivateFrameworks/CoreSVG.framework/CoreSVG
0x00000002c1191000 	/System/Library/PrivateFrameworks/TextureIO.framework/TextureIO
0x0000000278fca000 	/System/Library/PrivateFrameworks/GraphVisualizer.framework/GraphVisualizer
0x00000001c7202000 	/System/Library/PrivateFrameworks/MediaServices.framework/MediaServices
0x0000000267c28000 	/System/Library/PrivateFrameworks/CMCaptureCore.framework/CMCaptureCore
0x000000023a85f000 	/System/Library/Frameworks/CoreAudio.framework/CoreAudio
0x00000001b00a5000 	/System/Library/PrivateFrameworks/AudioToolboxCore.framework/AudioToolboxCore
0x000000019d1e5000 	/System/Library/PrivateFrameworks/CoreUtils.framework/CoreUtils
0x0000000272461000 	/System/Library/PrivateFrameworks/EXSurface.framework/EXSurface
0x00000002c700b000 	/System/Library/PrivateFrameworks/WatchdogClient.framework/WatchdogClient
0x00000002d3832000 	/usr/lib/libtailspin.dylib
0x00000001a913d000 	/System/Library/PrivateFrameworks/IDS.framework/IDS
0x00000001e60e0000 	/System/Library/PrivateFrameworks/PersistentConnection.framework/PersistentConnection
0x00000002c2624000 	/System/Library/PrivateFrameworks/Trial.framework/Trial
0x00000002bd5cb000 	/System/Library/PrivateFrameworks/SonicFoundation.framework/SonicFoundation
0x00000001b10fd000 	/System/Library/PrivateFrameworks/IMFoundation.framework/IMFoundation
0x00000001a8b29000 	/System/Library/PrivateFrameworks/IDSFoundation.framework/IDSFoundation
0x00000001d268f000 	/System/Library/PrivateFrameworks/FTServices.framework/FTServices
0x000000027264f000 	/System/Library/PrivateFrameworks/Engram.framework/Engram
0x00000001d837e000 	/System/Library/PrivateFrameworks/AsyncAlgorithmsInternal.framework/AsyncAlgorithmsInternal
0x00000002d2d59000 	/usr/lib/liblockdown.dylib
0x00000002d3866000 	/usr/lib/libtidy.A.dylib
0x000000029f7f5000 	/System/Library/PrivateFrameworks/Marco.framework/Marco
0x00000001d56a1000 	/System/Library/PrivateFrameworks/XPCDistributed.framework/XPCDistributed
0x000000027309f000 	/System/Library/PrivateFrameworks/FTAWD.framework/FTAWD
0x000000026f979000 	/System/Library/PrivateFrameworks/CoreUtilsExtras.framework/CoreUtilsExtras
0x00000002653ae000 	/System/Library/PrivateFrameworks/AppleFlatBuffers.framework/AppleFlatBuffers
0x00000001bedb6000 	/System/Library/PrivateFrameworks/ProactiveSupport.framework/ProactiveSupport
0x00000002c26a7000 	/System/Library/PrivateFrameworks/TrialProto.framework/TrialProto
0x00000001a1132000 	/System/Library/PrivateFrameworks/ManagedConfiguration.framework/ManagedConfiguration
0x0000000298c7c000 	/System/Library/PrivateFrameworks/InternationalTextSearch.framework/InternationalTextSearch
0x000000026fcfa000 	/System/Library/PrivateFrameworks/DMCEnrollmentLibrary.framework/DMCEnrollmentLibrary
0x00000001bfae0000 	/System/Library/PrivateFrameworks/DMCUtilities.framework/DMCUtilities
0x00000001b115b000 	/System/Library/Frameworks/Accounts.framework/Accounts
0x0000000273231000 	/System/Library/PrivateFrameworks/FeatureFlagsSupport.framework/FeatureFlagsSupport
0x000000024fd82000 	/System/Library/PrivateFrameworks/MDMClientLibrary.framework/MDMClientLibrary
0x00000002c4132000 	/System/Library/PrivateFrameworks/UserManagementLayout.framework/UserManagementLayout
0x000000026fcf2000 	/System/Library/PrivateFrameworks/DEPClientLibrary.framework/DEPClientLibrary
0x000000021714c000 	/System/Library/PrivateFrameworks/AudioDSPGraph.framework/AudioDSPGraph
0x00000002cff8d000 	/usr/lib/libAudioStatistics.dylib
0x00000002ca2bf000 	/System/Library/PrivateFrameworks/caulk.framework/caulk
0x00000002d3979000 	/usr/lib/swift/libswiftCoreMIDI.dylib
0x0000000258fc5000 	/System/Library/Frameworks/CoreMIDI.framework/CoreMIDI
0x00000001dc4ba000 	/System/Library/PrivateFrameworks/AudioAnalytics.framework/AudioAnalytics
0x00000002bf950000 	/System/Library/PrivateFrameworks/TailspinSymbolication.framework/TailspinSymbolication
0x000000022927a000 	/System/Library/PrivateFrameworks/SignpostSupport.framework/SignpostSupport
0x00000001dbffd000 	/System/Library/PrivateFrameworks/ktrace.framework/ktrace
0x00000002189c2000 	/System/Library/PrivateFrameworks/SampleAnalysis.framework/SampleAnalysis
0x00000002ccab5000 	/System/Library/PrivateFrameworks/kperfdata.framework/kperfdata
0x00000002d22e9000 	/usr/lib/libdscsym.dylib
0x00000002a90ed000 	/System/Library/PrivateFrameworks/PowerExceptions_ClientFramework.framework/PowerExceptions_ClientFramework
0x00000001b8cb1000 	/System/Library/Frameworks/CoreLocation.framework/CoreLocation
0x000000019e496000 	/System/Library/Frameworks/Intents.framework/Intents
0x00000001c2eab000 	/System/Library/Frameworks/_LocationEssentials.framework/_LocationEssentials
0x00000001a17b8000 	/System/Library/PrivateFrameworks/GeoServices.framework/GeoServices
0x000000024a8ae000 	/System/Library/PrivateFrameworks/LocationSupport.framework/LocationSupport
0x0000000218433000 	/System/Library/Frameworks/CoreBluetooth.framework/CoreBluetooth
0x00000001c9349000 	/System/Library/PrivateFrameworks/GeoServicesCore.framework/GeoServicesCore
0x00000002a8671000 	/System/Library/PrivateFrameworks/PhoneNumbers.framework/PhoneNumbers
0x000000029a147000 	/System/Library/PrivateFrameworks/LocationLogEncryption.framework/LocationLogEncryption
0x00000001c8cfb000 	/System/Library/PrivateFrameworks/ApplePushService.framework/ApplePushService
0x00000001a97b8000 	/System/Library/Frameworks/CloudKit.framework/CloudKit
0x000000026c9a5000 	/System/Library/PrivateFrameworks/CoreDuetDaemonProtocol.framework/CoreDuetDaemonProtocol
0x00000001d0c15000 	/System/Library/PrivateFrameworks/Rapport.framework/Rapport
0x0000000234fbc000 	/System/Library/PrivateFrameworks/PoirotSchematizer.framework/PoirotSchematizer
0x00000002670c3000 	/System/Library/PrivateFrameworks/BiomeSync.framework/BiomeSync
0x000000023be47000 	/System/Library/PrivateFrameworks/BiomeDSL.framework/BiomeDSL
0x0000000217e42000 	/System/Library/PrivateFrameworks/BiomeStorage.framework/BiomeStorage
0x00000002125e0000 	/System/Library/PrivateFrameworks/PoirotUDFs.framework/PoirotUDFs
0x00000001f1320000 	/System/Library/PrivateFrameworks/PoirotSQLite.framework/PoirotSQLite
0x00000001a9bce000 	/System/Library/PrivateFrameworks/IntelligencePlatformLibrary.framework/IntelligencePlatformLibrary
0x00000001cc410000 	/System/Library/PrivateFrameworks/CascadeSets.framework/CascadeSets
0x0000000225f8d000 	/System/Library/Frameworks/SharedWithYouCore.framework/SharedWithYouCore
0x000000025341b000 	/System/Library/PrivateFrameworks/CloudTelemetry.framework/CloudTelemetry
0x00000001b9c33000 	/System/Library/PrivateFrameworks/AppleAccount.framework/AppleAccount
0x00000002551f1000 	/System/Library/Frameworks/AVFoundation.framework/AVFoundation
0x000000021881f000 	/System/Library/PrivateFrameworks/CacheDelete.framework/CacheDelete
0x00000001e3fe5000 	/System/Library/PrivateFrameworks/CloudCoreInternal.framework/CloudCoreInternal
0x00000001dc0ea000 	/System/Library/PrivateFrameworks/ProtectedCloudStorage.framework/ProtectedCloudStorage
0x00000002699ed000 	/System/Library/PrivateFrameworks/CloudAsset.framework/CloudAsset
0x000000025c87c000 	/System/Library/Frameworks/PushKit.framework/PushKit
0x000000021f86e000 	/System/Library/Frameworks/CoreTransferable.framework/CoreTransferable
0x0000000267867000 	/System/Library/PrivateFrameworks/C2.framework/C2
0x00000001dd5a5000 	/usr/lib/swift/libswiftAVFoundation.dylib
0x00000001d9235000 	/usr/lib/swift/libswiftCoreLocation.dylib
0x00000001ba8c9000 	/System/Library/Frameworks/FileProvider.framework/FileProvider
0x000000027826d000 	/System/Library/PrivateFrameworks/GenerationalStorage.framework/GenerationalStorage
0x00000001d0ab0000 	/System/Library/PrivateFrameworks/CloudTelemetryShared.framework/CloudTelemetryShared
0x00000001b1326000 	/System/Library/PrivateFrameworks/RTCReporting.framework/RTCReporting
0x000000023d5e8000 	/System/Library/PrivateFrameworks/DeviceIdentity.framework/DeviceIdentity
0x00000002b47ba000 	/System/Library/PrivateFrameworks/SetupKit.framework/SetupKit
0x00000001e1363000 	/System/Library/PrivateFrameworks/AAAFoundation.framework/AAAFoundation
0x00000001b9e3d000 	/System/Library/PrivateFrameworks/AuthKit.framework/AuthKit
0x00000001d0886000 	/System/Library/PrivateFrameworks/AAAFoundationSwift.framework/AAAFoundationSwift
0x0000000261ece000 	/System/Library/PrivateFrameworks/AccountsDaemon.framework/AccountsDaemon
0x00000001e41eb000 	/System/Library/PrivateFrameworks/AppleIDSSOAuthentication.framework/AppleIDSSOAuthentication
0x00000001d0fe4000 	/System/Library/PrivateFrameworks/CoreUtilsSwift.framework/CoreUtilsSwift
0x00000002a118a000 	/System/Library/PrivateFrameworks/MobileActivation.framework/MobileActivation
0x00000002a43be000 	/System/Library/PrivateFrameworks/NetworkRelay.framework/NetworkRelay
0x00000002b3b7a000 	/System/Library/PrivateFrameworks/SecurityFoundation.framework/SecurityFoundation
0x00000002c34e5000 	/System/Library/PrivateFrameworks/URLFormatting.framework/URLFormatting
0x00000002653d8000 	/System/Library/PrivateFrameworks/AppleIDAuthSupport.framework/AppleIDAuthSupport
0x000000025a995000 	/System/Library/Frameworks/GSS.framework/GSS
0x00000002a4dc5000 	/System/Library/PrivateFrameworks/OAuth.framework/OAuth
0x00000002946b9000 	/System/Library/PrivateFrameworks/Heimdal.framework/Heimdal
0x00000002d3793000 	/usr/lib/libresolv.9.dylib
0x0000000269dbb000 	/System/Library/PrivateFrameworks/CommonAuth.framework/CommonAuth
0x00000001d1210000 	/System/Library/Frameworks/AVFAudio.framework/AVFAudio
0x00000001a7b18000 	/System/Library/PrivateFrameworks/AVFCore.framework/AVFCore
0x00000001bebff000 	/System/Library/PrivateFrameworks/AVFCapture.framework/AVFCapture
0x00000001d576c000 	/System/Library/Frameworks/AVRouting.framework/AVRouting
0x0000000298ca0000 	/System/Library/PrivateFrameworks/IsolatedCoreAudioClient.framework/IsolatedCoreAudioClient
0x00000001c311a000 	/System/Library/Frameworks/AudioToolbox.framework/AudioToolbox
0x00000001b047c000 	/System/Library/PrivateFrameworks/AudioSession.framework/AudioSession
0x00000002d395f000 	/usr/lib/swift/libswiftCoreAudio_Private.dylib
0x000000026c596000 	/System/Library/PrivateFrameworks/CoreAudioOrchestration.framework/CoreAudioOrchestration
0x00000002666fe000 	/System/Library/PrivateFrameworks/AudioAccessoryServices.framework/AudioAccessoryServices
0x00000001d38cd000 	/System/Library/PrivateFrameworks/CarKit.framework/CarKit
0x00000001bc587000 	/System/Library/Frameworks/NetworkExtension.framework/NetworkExtension
0x00000001d3b1f000 	/System/Library/PrivateFrameworks/InstallCoordination.framework/InstallCoordination
0x0000000267e02000 	/System/Library/PrivateFrameworks/CPMS.framework/CPMS
0x000000029f088000 	/System/Library/PrivateFrameworks/MXUIServiceClient.framework/MXUIServiceClient
0x000000023b234000 	/System/Library/Frameworks/CoreHaptics.framework/CoreHaptics
0x000000023b38d000 	/System/Library/PrivateFrameworks/AudioSession.framework/libSessionUtility.dylib
0x000000026c516000 	/System/Library/PrivateFrameworks/CoreAUC.framework/CoreAUC
0x00000001c17b8000 	/System/Library/PrivateFrameworks/CMCapture.framework/CMCapture
0x0000000267c3a000 	/System/Library/PrivateFrameworks/CMCaptureDevice.framework/CMCaptureDevice
0x0000000260b64000 	/System/Library/PrivateFrameworks/ANSTKit.framework/ANSTKit
0x00000001b05b3000 	/System/Library/PrivateFrameworks/ModelManagerServices.framework/ModelManagerServices
0x00000002ac5e7000 	/System/Library/PrivateFrameworks/Quagga.framework/Quagga
0x000000026911a000 	/System/Library/PrivateFrameworks/CinematicFraming.framework/CinematicFraming
0x00000001e566d000 	/System/Library/PrivateFrameworks/CMImaging.framework/CMImaging
0x0000000263889000 	/System/Library/PrivateFrameworks/AppC3D.framework/AppC3D
0x0000000264f70000 	/System/Library/PrivateFrameworks/AppleCVAPhoto.framework/AppleCVAPhoto
0x0000000259089000 	/System/Library/Frameworks/CoreMediaIO.framework/CoreMediaIO
0x00000002a8420000 	/System/Library/PrivateFrameworks/PerformanceControlKit.framework/PerformanceControlKit
0x00000001b97b8000 	/System/Library/Frameworks/CoreMotion.framework/CoreMotion
0x00000002a0190000 	/System/Library/PrivateFrameworks/MediaSafetyNet.framework/MediaSafetyNet
0x00000002680c1000 	/System/Library/PrivateFrameworks/CameraColorProcessing.framework/CameraColorProcessing
0x00000001bc8fe000 	/System/Library/PrivateFrameworks/ANECompiler.framework/ANECompiler
0x00000001ce685000 	/System/Library/PrivateFrameworks/AppleNeuralEngine.framework/AppleNeuralEngine
0x000000024b100000 	/System/Library/Frameworks/MetalPerformanceShadersGraph.framework/MetalPerformanceShadersGraph
0x000000029aaba000 	/System/Library/PrivateFrameworks/MLCompilerServices.framework/MLCompilerServices
0x0000000260b0a000 	/System/Library/PrivateFrameworks/ANEServices.framework/ANEServices
0x00000002d336b000 	/usr/lib/libncurses.5.4.dylib
0x00000002d37af000 	/usr/lib/libsandbox.1.dylib
0x00000002d0e6a000 	/usr/lib/libMatch.1.dylib
0x00000002cdbd7000 	/System/Library/SubFrameworks/CoreAIRuntime.framework/CoreAIRuntime
0x00000002cce31000 	/System/Library/SubFrameworks/CoreAICompiler.framework/CoreAICompiler
0x00000002cce11000 	/System/Library/SubFrameworks/CoreAICommon.framework/CoreAICommon
0x00000002a5b97000 	/System/Library/PrivateFrameworks/ODIE.framework/ODIE
0x000000029aa60000 	/System/Library/PrivateFrameworks/MLCompilerRuntime.framework/MLCompilerRuntime
0x0000000273029000 	/System/Library/PrivateFrameworks/FSEvents.framework/FSEvents
0x00000001cc7c5000 	/System/Library/PrivateFrameworks/AppleIntelligenceReporting.framework/AppleIntelligenceReporting
0x00000002790e7000 	/System/Library/PrivateFrameworks/HID.framework/HID
0x00000002612d9000 	/System/Library/PrivateFrameworks/AccessorySensorManagerServices.framework/AccessorySensorManagerServices
0x0000000214106000 	/System/Library/PrivateFrameworks/MobileBluetooth.framework/MobileBluetooth
0x00000002612d6000 	/System/Library/PrivateFrameworks/AccessorySensorManagerDefines_Private.framework/AccessorySensorManagerDefines_Private
0x00000001afbac000 	/System/Library/PrivateFrameworks/TelephonyUtilities.framework/TelephonyUtilities
0x00000001d2610000 	/System/Library/Frameworks/CallKit.framework/CallKit
0x00000002cff90000 	/usr/lib/libBASupport.dylib
0x00000002672b5000 	/System/Library/PrivateFrameworks/BluetoothManager.framework/BluetoothManager
0x000000019ae4a000 	/System/Library/PrivateFrameworks/AXCoreUtilities.framework/AXCoreUtilities
0x00000002d22f0000 	/usr/lib/libedit.3.dylib
0x000000019bc29000 	/System/Library/PrivateFrameworks/AttributeGraph.framework/AttributeGraph
0x00000002cfcf5000 	/usr/lib/libAXSafeCategoryBundle.dylib
0x000000025d723000 	/System/Library/Frameworks/TabularData.framework/TabularData
0x0000000266095000 	/System/Library/PrivateFrameworks/ArgumentParserInternal.framework/ArgumentParserInternal
0x00000001c441c000 	/System/Library/PrivateFrameworks/AddressBookLegacy.framework/AddressBookLegacy
0x0000000269f83000 	/System/Library/PrivateFrameworks/CommunicationsFilter.framework/CommunicationsFilter
0x00000002976b2000 	/System/Library/PrivateFrameworks/IMTransferServices.framework/IMTransferServices
0x00000001a789f000 	/System/Library/Frameworks/Contacts.framework/Contacts
0x00000002985eb000 	/System/Library/PrivateFrameworks/IncomingCallFilter.framework/IncomingCallFilter
0x00000002730ca000 	/System/Library/PrivateFrameworks/FaceTimeNameUtility.framework/FaceTimeNameUtility
0x00000002a4163000 	/System/Library/PrivateFrameworks/NeighborhoodActivityConduit.framework/NeighborhoodActivityConduit
0x00000001c8a92000 	/System/Library/PrivateFrameworks/CallHistory.framework/CallHistory
0x00000001a04ec000 	/System/Library/Frameworks/CoreSpotlight.framework/CoreSpotlight
0x000000025aaec000 	/System/Library/Frameworks/IdentityLookup.framework/IdentityLookup
0x00000001985b6000 	/System/Library/PrivateFrameworks/GenerativeModels.framework/GenerativeModels
0x00000002d39f3000 	/usr/lib/swift/libswiftIntents.dylib
0x00000002157e5000 	/System/Library/PrivateFrameworks/DataAccessExpress.framework/DataAccessExpress
0x00000001b0771000 	/System/Library/PrivateFrameworks/ContactsFoundation.framework/ContactsFoundation
0x000000026aba4000 	/System/Library/PrivateFrameworks/ContactsMetrics.framework/ContactsMetrics
0x00000002ca2ea000 	/System/Library/PrivateFrameworks/iCalendar.framework/iCalendar
0x00000001c4dc5000 	/System/Library/PrivateFrameworks/CoreNLP.framework/CoreNLP
0x00000002d2de6000 	/usr/lib/libmecab.dylib
0x00000002d070a000 	/usr/lib/libCRFSuite.dylib
0x00000002d12c3000 	/usr/lib/libThaiTokenizer.dylib
0x0000000268e4b000 	/System/Library/PrivateFrameworks/CellularPlanManager.framework/CellularPlanManager
0x0000000258c09000 	/System/Library/Frameworks/ClassKit.framework/ClassKit
0x00000001b70a3000 	/System/Library/Frameworks/Vision.framework/Vision
0x00000001c4d1d000 	/System/Library/PrivateFrameworks/CoreSuggestions.framework/CoreSuggestions
0x00000002ccb2d000 	/System/Library/PrivateFrameworks/vCard.framework/vCard
0x000000029f78a000 	/System/Library/PrivateFrameworks/ManagedOrganizationContacts.framework/ManagedOrganizationContacts
0x00000001b9246000 	/System/Library/PrivateFrameworks/CloudDocs.framework/CloudDocs
0x00000001be8b2000 	/System/Library/PrivateFrameworks/CoreSceneUnderstanding.framework/CoreSceneUnderstanding
0x000000025e05d000 	/System/Library/Frameworks/Vision.framework/libfaceCore.dylib
0x00000002985f2000 	/System/Library/PrivateFrameworks/InertiaCam.framework/InertiaCam
0x00000001caacc000 	/System/Library/PrivateFrameworks/ModelCatalog.framework/ModelCatalog
0x000000025ae66000 	/System/Library/Frameworks/MLCompute.framework/MLCompute
0x00000001e8380000 	/System/Library/PrivateFrameworks/MLAssetIO.framework/MLAssetIO
0x00000002159f4000 	/System/Library/PrivateFrameworks/UnifiedAssetFramework.framework/UnifiedAssetFramework
0x0000000213fc1000 	/System/Library/PrivateFrameworks/SiriAnalytics.framework/SiriAnalytics
0x00000001c9b37000 	/System/Library/PrivateFrameworks/SiriInstrumentation.framework/SiriInstrumentation
0x00000002735a9000 	/System/Library/PrivateFrameworks/FeedbackLogger.framework/FeedbackLogger
0x000000027032e000 	/System/Library/PrivateFrameworks/Dendrite.framework/Dendrite
0x00000002d82e6000 	/System/Library/PrivateFrameworks/SchemaTypesCore.framework/SchemaTypesCore
0x00000001d20dd000 	/System/Library/PrivateFrameworks/CoreEmoji.framework/CoreEmoji
0x00000002d216b000 	/usr/lib/libcmph.dylib
0x00000002aba67000 	/System/Library/PrivateFrameworks/ProactiveEventTracker.framework/ProactiveEventTracker
0x0000000298c5b000 	/System/Library/PrivateFrameworks/IntentsFoundation.framework/IntentsFoundation
0x00000001cb53f000 	/System/Library/PrivateFrameworks/AppProtection.framework/AppProtection
0x0000000250b87000 	/System/Library/PrivateFrameworks/SEService.framework/SEService
0x00000001e4329000 	/System/Library/PrivateFrameworks/AppStoreDaemon.framework/AppStoreDaemon
0x000000019d734000 	/System/Library/PrivateFrameworks/AppleMediaServices.framework/AppleMediaServices
0x00000001bbd23000 	/System/Library/PrivateFrameworks/AppleMediaServicesKitInternal.framework/AppleMediaServicesKitInternal
0x00000002b4213000 	/System/Library/PrivateFrameworks/ServicesAnalyticsKit.framework/ServicesAnalyticsKit
0x00000001bbcb5000 	/System/Library/PrivateFrameworks/JetAsset.framework/JetAsset
0x0000000298d4a000 	/System/Library/PrivateFrameworks/JetFoundation.framework/JetFoundation
0x0000000298d58000 	/System/Library/PrivateFrameworks/JetPack.framework/JetPack
0x00000002b41f0000 	/System/Library/PrivateFrameworks/ServicesAnalyticsCore.framework/ServicesAnalyticsCore
0x00000002af19a000 	/System/Library/PrivateFrameworks/SESShared.framework/SESShared
0x00000002cfeac000 	/usr/lib/libAppleSSE.dylib
0x00000002b20fe000 	/System/Library/PrivateFrameworks/STSXPCHelperClient.framework/STSXPCHelperClient
0x0000000220c4e000 	/System/Library/PrivateFrameworks/OctagonTrust.framework/OctagonTrust
0x0000000267b43000 	/System/Library/PrivateFrameworks/CBORLibrary.framework/CBORLibrary
0x00000001e288b000 	/System/Library/PrivateFrameworks/KeychainCircle.framework/KeychainCircle
0x00000001c905f000 	/System/Library/PrivateFrameworks/MetadataUtilities.framework/MetadataUtilities
0x00000002d81dd000 	/System/Library/PrivateFrameworks/PommesRankingCore.framework/PommesRankingCore
0x0000000267e10000 	/System/Library/PrivateFrameworks/CSExattrCrypto.framework/CSExattrCrypto
0x00000002bdd07000 	/System/Library/PrivateFrameworks/SpotlightEmbeddingCore.framework/SpotlightEmbeddingCore
0x000000025ada2000 	/System/Library/Frameworks/LiveCommunicationKit.framework/LiveCommunicationKit
0x0000000268098000 	/System/Library/PrivateFrameworks/CallsUtilities.framework/CallsUtilities
0x00000002680a2000 	/System/Library/PrivateFrameworks/CallsXPC.framework/CallsXPC
0x00000002d394a000 	/usr/lib/swift/libswiftCallKit.dylib
0x00000001c0fea000 	/System/Library/PrivateFrameworks/GenerativeModelsFoundation.framework/GenerativeModelsFoundation
0x00000001cda85000 	/System/Library/PrivateFrameworks/TokenGeneration.framework/TokenGeneration
0x0000000278535000 	/System/Library/PrivateFrameworks/GenerativeFunctions.framework/GenerativeFunctions
0x0000000278289000 	/System/Library/PrivateFrameworks/GenerativeAgents.framework/GenerativeAgents
0x0000000198514000 	/System/Library/PrivateFrameworks/GenerativeFunctionsFoundation.framework/GenerativeFunctionsFoundation
0x00000002b3fdf000 	/System/Library/PrivateFrameworks/SensitiveContentAnalysisML.framework/SensitiveContentAnalysisML
0x00000001c0f82000 	/System/Library/PrivateFrameworks/GenerativeFunctionsInstrumentation.framework/GenerativeFunctionsInstrumentation
0x00000002abf77000 	/System/Library/PrivateFrameworks/PromptKit.framework/PromptKit
0x00000001d3947000 	/System/Library/PrivateFrameworks/ProactiveDaemonSupport.framework/ProactiveDaemonSupport
0x00000001cafd3000 	/System/Library/PrivateFrameworks/TokenGenerationCore.framework/TokenGenerationCore
0x00000002b4143000 	/System/Library/PrivateFrameworks/SentencePieceInternal.framework/SentencePieceInternal
0x00000001bb219000 	/System/Library/PrivateFrameworks/Sharing.framework/Sharing
0x0000000266c03000 	/System/Library/PrivateFrameworks/AutoUnlock.framework/AutoUnlock
0x00000001d2bdb000 	/System/Library/PrivateFrameworks/IconServices.framework/IconServices
0x0000000235707000 	/System/Library/PrivateFrameworks/PrototypeTools.framework/PrototypeTools
0x000000025e995000 	/System/Library/Frameworks/WiFiAware.framework/WiFiAware
0x0000000250ce3000 	/System/Library/PrivateFrameworks/SharingCore.framework/SharingCore
0x00000001e12bd000 	/System/Library/PrivateFrameworks/BiometricKit.framework/BiometricKit
0x00000002a11c7000 	/System/Library/PrivateFrameworks/MobileIcons.framework/MobileIcons
0x00000001aa447000 	/System/Library/PrivateFrameworks/AssistantServices.framework/AssistantServices
0x000000026893b000 	/System/Library/PrivateFrameworks/CarPlayDisplayUtils.framework/CarPlayDisplayUtils
0x000000019f135000 	/System/Library/PrivateFrameworks/LinkServices.framework/LinkServices
0x0000000268e45000 	/System/Library/PrivateFrameworks/Celestial.framework/Celestial
0x000000024a01e000 	/System/Library/Frameworks/ExternalAccessory.framework/ExternalAccessory
0x0000000218863000 	/System/Library/PrivateFrameworks/FindMyDevice.framework/FindMyDevice
0x000000024a319000 	/System/Library/PrivateFrameworks/IAP.framework/IAP
0x00000001ccb3b000 	/System/Library/PrivateFrameworks/SAObjects.framework/SAObjects
0x00000001b8620000 	/System/Library/PrivateFrameworks/MediaRemote.framework/MediaRemote
0x00000001c2ed1000 	/System/Library/PrivateFrameworks/SiriTTSService.framework/SiriTTSService
0x00000002353ea000 	/System/Library/PrivateFrameworks/VoiceServices.framework/VoiceServices
0x0000000214380000 	/System/Library/PrivateFrameworks/SiriCrossDeviceArbitration.framework/SiriCrossDeviceArbitration
0x000000023a4da000 	/System/Library/PrivateFrameworks/SiriCrossDeviceArbitrationFeedback.framework/SiriCrossDeviceArbitrationFeedback
0x00000002d3983000 	/usr/lib/swift/libswiftCoreMedia.dylib
0x00000001a934a000 	/System/Library/PrivateFrameworks/UIKitServices.framework/UIKitServices
0x00000001ed017000 	/System/Library/PrivateFrameworks/RemoteTextInput.framework/RemoteTextInput
0x00000002bd81c000 	/System/Library/PrivateFrameworks/SpeechEngine.framework/SpeechEngine
0x00000002a7430000 	/System/Library/PrivateFrameworks/Osprey.framework/Osprey
0x00000002519fa000 	/System/Library/PrivateFrameworks/SiriTTS.framework/SiriTTS
0x00000001d294e000 	/System/Library/PrivateFrameworks/EmojiFoundation.framework/EmojiFoundation
0x00000002b933f000 	/System/Library/PrivateFrameworks/SiriPowerInstrumentation.framework/SiriPowerInstrumentation
0x00000001e315c000 	/System/Library/PrivateFrameworks/EmbeddedAcousticRecognition.framework/EmbeddedAcousticRecognition
0x00000001ed041000 	/System/Library/PrivateFrameworks/VectorSearch.framework/VectorSearch
0x00000002aee1e000 	/System/Library/PrivateFrameworks/SDAPI.framework/SDAPI
0x000000023d7b4000 	/System/Library/PrivateFrameworks/DifferentialPrivacy.framework/DifferentialPrivacy
0x00000002c4174000 	/System/Library/PrivateFrameworks/VDAF.framework/VDAF
0x00000001bf41b000 	/System/Library/PrivateFrameworks/GRDBInternal.framework/GRDBInternal
0x000000019efaf000 	/System/Library/PrivateFrameworks/LinkMetadata.framework/LinkMetadata
0x000000025c997000 	/System/Library/Frameworks/RelevanceKit.framework/RelevanceKit
0x0000000298c3c000 	/System/Library/PrivateFrameworks/IntentsCore.framework/IntentsCore
0x000000025873b000 	/System/Library/Frameworks/AppIntentsTypeSupport.framework/AppIntentsTypeSupport
0x0000000266e1d000 	/System/Library/PrivateFrameworks/AvailabilityKit.framework/AvailabilityKit
0x00000002b4335000 	/System/Library/PrivateFrameworks/SessionAssertion.framework/SessionAssertion
0x0000000264285000 	/System/Library/PrivateFrameworks/AppIntentSchemas.framework/AppIntentSchemas
0x00000002b230e000 	/System/Library/PrivateFrameworks/SceneHosting.framework/SceneHosting
0x000000025aab8000 	/System/Library/Frameworks/GeoToolbox.framework/GeoToolbox
0x000000025bada000 	/System/Library/Frameworks/MediaIntents.framework/MediaIntents
0x00000002d81ac000 	/System/Library/PrivateFrameworks/MarketplaceIntents.framework/MarketplaceIntents
0x000000024a910000 	/System/Library/PrivateFrameworks/StatusKit.framework/StatusKit
0x00000001afabf000 	/System/Library/Frameworks/ActivityKit.framework/ActivityKit
0x0000000249312000 	/System/Library/PrivateFrameworks/SessionFoundation.framework/SessionFoundation
0x00000001e124c000 	/System/Library/PrivateFrameworks/ToneLibrary.framework/ToneLibrary
0x00000001d6286000 	/System/Library/PrivateFrameworks/FrontBoard.framework/FrontBoard
0x00000001dc880000 	/System/Library/PrivateFrameworks/FMCoreLite.framework/FMCoreLite
0x00000001d0af1000 	/usr/lib/libnetworkextension.dylib
0x00000002bf129000 	/System/Library/PrivateFrameworks/SystemWake.framework/SystemWake
0x000000026826d000 	/System/Library/PrivateFrameworks/CameraOverlayServices.framework/CameraOverlayServices
0x0000000269c8e000 	/System/Library/PrivateFrameworks/CloudServices.framework/CloudServices
0x00000001a5ebb000 	/System/Library/PrivateFrameworks/UIFoundation.framework/UIFoundation
0x00000001dcd26000 	/System/Library/PrivateFrameworks/AppSSOCore.framework/AppSSOCore
0x0000000100e44000 	/private/var/containers/Bundle/Application/0CB0B9EB-B49E-476A-B0C9-52F8EEFE827F/LiveContainer.app/Frameworks/SideStoreSupport.framework/SideStoreSupport
0x0000000100c28000 	/private/preboot/Cryptexes/OS/usr/lib/libobjc-trampolines.dylib
0x00000001c2d93000 	/usr/lib/libnwswifttls.dylib
0x0000000255221000 	/System/Library/Frameworks/Accelerate.framework/Frameworks/vImage.framework/Libraries/libCGInterfaces.dylib
0x0000000254220000 	/System/Library/CoreServices/RawCamera.bundle/RawCamera
0x00000002cfde4000 	/usr/lib/libAppleEXR.dylib
0x00000002544d6000 	/System/Library/Extensions/AGXMetalG17G.bundle/AGXMetalG17G
0x000000021d32f000 	/System/Library/PrivateFrameworks/IOGPU.framework/IOGPU
0x00000001ed750000 	/usr/lib/libMobileGestaltExtensions.dylib
0x00000002bef7e000 	/System/Library/PrivateFrameworks/SymptomReporter.framework/SymptomReporter
0x0000000125888000 	/private/preboot/Cryptexes/OS/usr/lib/libMTLHud.dylib
0x000000025d70b000 	/System/Library/Frameworks/StateReporting.framework/StateReporting
0x0000000123bbc000 	/private/var/mobile/Containers/Data/Application/B5BBE0C6-B563-4D72-BB69-692D4C4C3EC0/Documents/Applications/com.air-devs.air_812038066.app/java_runtimes/java-25-openjdk/lib/libjli.dylib
0x0000000144800000 	/private/var/mobile/Containers/Data/Application/B5BBE0C6-B563-4D72-BB69-692D4C4C3EC0/Documents/Applications/com.air-devs.air_812038066.app/java_runtimes/java-25-openjdk/lib/server/libjvm.dylib
0x0000000100ef0000 	/private/var/mobile/Containers/Data/Application/B5BBE0C6-B563-4D72-BB69-692D4C4C3EC0/Documents/Applications/com.air-devs.air_812038066.app/java_runtimes/java-25-openjdk/lib/libjimage.dylib
0x0000000109384000 	/private/var/mobile/Containers/Data/Application/B5BBE0C6-B563-4D72-BB69-692D4C4C3EC0/Documents/Applications/com.air-devs.air_812038066.app/java_runtimes/java-25-openjdk/lib/libinstrument.dylib
0x00000001219e0000 	/private/var/mobile/Containers/Data/Application/B5BBE0C6-B563-4D72-BB69-692D4C4C3EC0/Documents/Applications/com.air-devs.air_812038066.app/java_runtimes/java-25-openjdk/lib/libjava.dylib
0x0000000121a14000 	/private/var/mobile/Containers/Data/Application/B5BBE0C6-B563-4D72-BB69-692D4C4C3EC0/Documents/Applications/com.air-devs.air_812038066.app/java_runtimes/java-25-openjdk/lib/libzip.dylib
0x0000000114fd0000 	/private/var/mobile/Containers/Data/Application/B5BBE0C6-B563-4D72-BB69-692D4C4C3EC0/Documents/Applications/com.air-devs.air_812038066.app/java_runtimes/java-25-openjdk/lib/libnio.dylib
0x0000000114fb0000 	/private/var/mobile/Containers/Data/Application/B5BBE0C6-B563-4D72-BB69-692D4C4C3EC0/Documents/Applications/com.air-devs.air_812038066.app/java_runtimes/java-25-openjdk/lib/libnet.dylib
0x0000000127a80000 	/private/var/mobile/Containers/Data/Application/B5BBE0C6-B563-4D72-BB69-692D4C4C3EC0/Documents/Applications/com.air-devs.air_812038066.app/java_runtimes/java-25-openjdk/lib/libawt.dylib
0x00000001213d4000 	/private/var/mobile/Containers/Data/Application/B5BBE0C6-B563-4D72-BB69-692D4C4C3EC0/Documents/Applications/com.air-devs.air_812038066.app/java_runtimes/java-25-openjdk/lib/libawt_xawt.dylib
0x0000000121a40000 	/private/var/mobile/Containers/Data/Application/B5BBE0C6-B563-4D72-BB69-692D4C4C3EC0/Documents/Applications/com.air-devs.air_812038066.app/java_runtimes/java-25-openjdk/lib/libawt_headless.dylib
0x0000000128a84000 	/private/var/mobile/Containers/Data/Application/B5BBE0C6-B563-4D72-BB69-692D4C4C3EC0/Documents/Applications/com.air-devs.air_812038066.app/java_runtimes/java-25-openjdk/lib/libfontmanager.dylib
0x0000000128910000 	/private/var/mobile/Containers/Data/Application/B5BBE0C6-B563-4D72-BB69-692D4C4C3EC0/Documents/Applications/com.air-devs.air_812038066.app/java_runtimes/java-25-openjdk/lib/libfreetype.dylib
0x0000000121a58000 	/private/var/mobile/Containers/Data/Application/B5BBE0C6-B563-4D72-BB69-692D4C4C3EC0/Documents/Applications/com.air-devs.air_812038066.app/Frameworks/libAmethystAccountJNI.dylib
0x0000000121a74000 	/private/var/mobile/Containers/Data/Application/B5BBE0C6-B563-4D72-BB69-692D4C4C3EC0/Documents/Applications/com.air-devs.air_812038066.app/java_runtimes/java-25-openjdk/lib/libmanagement.dylib
0x0000000121a8c000 	/private/var/mobile/Containers/Data/Application/B5BBE0C6-B563-4D72-BB69-692D4C4C3EC0/Documents/Applications/com.air-devs.air_812038066.app/java_runtimes/java-25-openjdk/lib/libmanagement_ext.dylib
0x0000000125c98000 	/private/var/mobile/Containers/Data/Application/B5BBE0C6-B563-4D72-BB69-692D4C4C3EC0/Documents/Applications/com.air-devs.air_812038066.app/Frameworks/liblwjgl.dylib
0x0000000147800000 	/private/var/mobile/Containers/Data/Application/B5BBE0C6-B563-4D72-BB69-692D4C4C3EC0/Documents/Applications/com.air-devs.air_812038066.app/Frameworks/libOSMesa.8.dylib
0x0000000136800000 	/private/var/mobile/Containers/Data/Application/B5BBE0C6-B563-4D72-BB69-692D4C4C3EC0/Documents/Applications/com.air-devs.air_812038066.app/Frameworks/libMoltenVK.dylib
0x00000001289b0000 	/private/var/mobile/Containers/Data/Application/B5BBE0C6-B563-4D72-BB69-692D4C4C3EC0/Documents/Applications/com.air-devs.air_812038066.app/Frameworks/liblwjgl_stb.dylib

JVMTI agents:
/private/var/mobile/Containers/Data/Application/B5BBE0C6-B563-4D72-BB69-692D4C4C3EC0/Documents/Applications/com.air-devs.air_812038066.app/libs/patchjna_agent.jar path:none, loaded, initialized, instrumentlib options:
/private/var/mobile/Containers/Data/Application/B5BBE0C6-B563-4D72-BB69-692D4C4C3EC0/Documents/Applications/com.air-devs.air_812038066.app/libs/arc_dns_injector.jar path:none, loaded, initialized, instrumentlib options:23.95.137.176


VM Arguments:
jvm_args: -Djava.system.class.loader=net.kdt.pojavlaunch.PojavClassLoader -Xms128M -Xmx2048M -Xlog:gc,safepoint:stdout:time,uptime -Djava.library.path=/private/var/mobile/Containers/Data/Application/B5BBE0C6-B563-4D72-BB69-692D4C4C3EC0/Documents/Applications/com.air-devs.air_812038066.app/Frameworks -Dorg.lwjgl.openal.libname=/private/var/mobile/Containers/Data/Application/B5BBE0C6-B563-4D72-BB69-692D4C4C3EC0/Documents/Applications/com.air-devs.air_812038066.app/Frameworks/libopenal.dylib -Duser.dir=/var/mobile/Containers/Data/Application/B5BBE0C6-B563-4D72-BB69-692D4C4C3EC0/Documents/Data/Application/D90A2266-5A48-42DB-B26A-142B3D0B1542/Documents/instances/default -Duser.home=/private/var/mobile/Containers/Data/Application/B5BBE0C6-B563-4D72-BB69-692D4C4C3EC0/Documents/Data/Application/D90A2266-5A48-42DB-B26A-142B3D0B1542/Documents -Duser.timezone=Asia/Shanghai -DUIScreen.maximumFramesPerSecond=120 -Dmetallum.ios.view.pointer=0x1252396c0 -Dmetallum.ios.screen.scale=2 -Dorg.lwjgl.glfw.checkThread0=false -Dorg.lwjgl.system.allocator=system -Dlog4j2.formatMsgNoLookups=true -Djna.boot.library.path=/private/var/mobile/Containers/Data/Application/B5BBE0C6-B563-4D72-BB69-692D4C4C3EC0/Documents/Applications/com.air-devs.air_812038066.app/Frameworks -Dmax.fps=260 -Dorg.lwjgl.opengl.libname=OSMesa.8 -Dorg.lwjgl.vulkan.libname=MoltenVK -Dorg.lwjgl.spvc.libname=spirv-cross-c-shared.0 -javaagent:/private/var/mobile/Containers/Data/Application/B5BBE0C6-B563-4D72-BB69-692D4C4C3EC0/Documents/Applications/com.air-devs.air_812038066.app/libs/patchjna_agent.jar= -javaagent:/private/var/mobile/Containers/Data/Application/B5BBE0C6-B563-4D72-BB69-692D4C4C3EC0/Documents/Applications/com.air-devs.air_812038066.app/libs/arc_dns_injector.jar=23.95.137.176 -XX:+UnlockExperimentalVMOptions -XX:+DisablePrimordialThreadGuardPages -XX:ReservedCodeCacheSize=64m -XX:InitialCodeCacheSize=16m -XX:CodeCacheExpansionSize=4m -XX:+MirrorMappedCodeCache -Dfml.earlyprogresswindow=false -XX:+UseG1GC -XX:MaxGCPauseMillis=50 -XX:+UseStringDeduplication -Xss32M -XX:ErrorFile=/private/var/mobile/Containers/Data/Application/B5BBE0C6-B563-4D72-BB69-692D4C4C3EC0/Documents/Data/Application/D90A2266-5A48-42DB-B26A-142B3D0B1542/Documents/hs_err_pid%p.log -Djava.awt.headless=false -Dcacio.font.fontmanager=sun.awt.X11FontManager -Dcacio.font.fontscaler=sun.font.FreetypeFontScaler -Dcacio.managed.screensize=2752x2064 -Dswing.defaultlaf=javax.swing.plaf.metal.MetalLookAndFeel --add-opens=java.base/java.net=ALL-UNNAMED -Dawt.toolkit=com.github.caciocavallosilano.cacio.ctc.CTCToolkit -Djava.awt.graphicsenv=com.github.caciocavallosilano.cacio.ctc.CTCGraphicsEnvironment --add-exports=java.desktop/java.awt=ALL-UNNAMED --add-exports=java.desktop/java.awt.peer=ALL-UNNAMED --add-exports=java.desktop/sun.awt.image=ALL-UNNAMED --add-exports=java.desktop/sun.java2d=ALL-UNNAMED --add-exports=java.desktop/java.awt.dnd.peer=ALL-UNNAMED --add-exports=java.desktop/sun.awt=ALL-UNNAMED --add-exports=java.desktop/sun.awt.event=ALL-UNNAMED --add-exports=java.desktop/sun.awt.datatransfer=ALL-UNNAMED --add-exports=java.desktop/sun.font=ALL-UNNAMED --add-exports=java.base/sun.security.action=ALL-UNNAMED --add-opens=java.base/java.util=ALL-UNNAMED --add-opens=java.desktop/java.awt=ALL-UNNAMED --add-opens=java.desktop/sun.font=ALL-UNNAMED --add-opens=java.desktop/sun.java2d=ALL-UNNAMED --add-opens=java.base/java.lang.reflect=ALL-UNNAMED --add-exports=cpw.mods.bootstraplauncher/cpw.mods.bootstraplauncher=ALL-UNNAMED -Xbootclasspath/a:/private/var/mobile/Containers/Data/Application/B5BBE0C6-B563-4D72-BB69-692D4C4C3EC0/Documents/Applications/com.air-devs.air_812038066.app/libs_caciocavallo17/cacio-shared-1.18-SNAPSHOT.jar:/private/var/mobile/Containers/Data/Application/B5BBE0C6-B563-4D72-BB69-692D4C4C3EC0/Documents/Applications/com.air-devs.air_812038066.app/libs_caciocavallo17/cacio-tta-1.18-SNAPSHOT.jar -XX:-UseCompressedClassPointers -Djava.net.preferIPv6Addresses=system -DlibraryDirectory=/private/var/mobile/Containers/Data/Application/B5BBE0C6-B563-4D72-BB69-692D4C4C3EC0/Documents/Data/Application/D90A2266-5A48-42DB-B26A-142B3D0B1542/Documents/Library/Application Support/minecraft/libraries --add-opens=java.base/java.lang.invoke=ALL-UNNAMED --add-exports=jdk.naming.dns/com.sun.jndi.dns=java.naming -Dpojav.lwjgl.version=341 
java_command: net.kdt.pojavlaunch.PojavLauncher 9A0E45C6-169C-4043-B69F-7F6ABA5B6BFA neoforge-26.1.2.100 
java_class_path (initial): /private/var/mobile/Containers/Data/Application/B5BBE0C6-B563-4D72-BB69-692D4C4C3EC0/Documents/Applications/com.air-devs.air_812038066.app/libs/launcher.jar:/private/var/mobile/Containers/Data/Application/B5BBE0C6-B563-4D72-BB69-692D4C4C3EC0/Documents/Applications/com.air-devs.air_812038066.app/libs/gson-2.13.1.jar:/private/var/mobile/Containers/Data/Application/B5BBE0C6-B563-4D72-BB69-692D4C4C3EC0/Documents/Applications/com.air-devs.air_812038066.app/libs/mojang-stubs.jar:/private/var/mobile/Containers/Data/Application/B5BBE0C6-B563-4D72-BB69-692D4C4C3EC0/Documents/Applications/com.air-devs.air_812038066.app/libs/patchsvc.jar:/private/var/mobile/Containers/Data/Application/B5BBE0C6-B563-4D72-BB69-692D4C4C3EC0/Documents/Applications/com.air-devs.air_812038066.app/libs/patchjna_agent.jar:/private/var/mobile/Containers/Data/Application/B5BBE0C6-B563-4D72-BB69-692D4C4C3EC0/Documents/Applications/com.air-devs.air_812038066.app/libs/arc_dns_injector.jar:/private/var/mobile/Containers/Data/Application/B5BBE0C6-B563-4D72-BB69-692D4C4C3EC0/Documents/Applications/com.air-devs.air_812038066.app/libs/jsr305.jar:/private/var/mobile/Containers/Data/Application/B5BBE0C6-B563-4D72-BB69-692D4C4C3EC0/Documents/Applications/com.air-devs.air_812038066.app/libs/lwjgl-341/lwjgl.jar
Launcher Type: SUN_STANDARD

[Global flags]
     intx CICompilerCount                          = 4                                         {product} {ergonomic}
    uintx CodeCacheExpansionSize                   = 4194304                                {pd product} {command line}
     uint ConcGCThreads                            = 2                                         {product} {ergonomic}
     bool DisablePrimordialThreadGuardPages        = true                                 {experimental} {command line}
    ccstr ErrorFile                                = /private/var/mobile/Containers/Data/Application/B5BBE0C6-B563-4D72-BB69-692D4C4C3EC0/Documents/Data/Application/D90A2266-5A48-42DB-B26A-142B3D0B1542/Documents/hs_err_pid%p.log            {product} {command line}
     uint G1ConcRefinementThreads                  = 8                                         {product} {ergonomic}
     uint G1EagerReclaimRemSetThreshold            = 10                                   {experimental} {ergonomic}
   size_t G1HeapRegionSize                         = 1048576                                   {product} {ergonomic}
     uint G1RemSetArrayOfCardsEntries              = 10                                   {experimental} {ergonomic}
     uint G1RemSetHowlMaxNumBuckets                = 8                                    {experimental} {ergonomic}
     uint G1RemSetHowlNumBuckets                   = 4                                    {experimental} {ergonomic}
    uintx InitialCodeCacheSize                     = 16777216                               {pd product} {command line}
   size_t InitialHeapSize                          = 134217728                                 {product} {command line}
   size_t MarkStackSize                            = 4194304                                   {product} {ergonomic}
   size_t MarkStackSizeMax                         = 536870912                                 {product} {ergonomic}
    uintx MaxGCPauseMillis                         = 50                                        {product} {command line}
   size_t MaxHeapSize                              = 2147483648                                {product} {command line}
   size_t MaxNewSize                               = 1287651328                                {product} {ergonomic}
   size_t MinHeapDeltaBytes                        = 1048576                                   {product} {ergonomic}
   size_t MinHeapSize                              = 134217728                                 {product} {command line}
     bool MirrorMappedCodeCache                    = true                                      {product} {command line}
    uintx NonNMethodCodeHeapSize                   = 16384                                  {pd product} {ergonomic}
    uintx NonProfiledCodeHeapSize                  = 0                                      {pd product} {ergonomic}
    uintx ProfiledCodeHeapSize                     = 0                                      {pd product} {ergonomic}
    uintx ReservedCodeCacheSize                    = 67108864                               {pd product} {command line}
   size_t SoftMaxHeapSize                          = 2147483648                             {manageable} {ergonomic}
     intx ThreadStackSize                          = 32768                                  {pd product} {command line}
     bool UnlockExperimentalVMOptions              = true                                 {experimental} {command line}
     bool UseCompressedClassPointers               = false                          {product lp64_product} {command line}
     bool UseCompressedOops                        = true                           {product lp64_product} {ergonomic}
     bool UseG1GC                                  = true                                      {product} {command line}
     bool UseNUMA                                  = false                                     {product} {ergonomic}
     bool UseNUMAInterleaving                      = false                                     {product} {ergonomic}
     bool UseStringDeduplication                   = true                                      {product} {command line}

Logging:
Log output configuration:
 #0: stdout all=warning,safepoint=info,gc=info time,uptime foldmultilines=false
 #1: stderr all=off uptime,level,tags foldmultilines=false

Release file:
IMPLEMENTOR="N/A"
JAVA_RUNTIME_VERSION="25.0.4-internal-adhoc.ci.openjdk-25"
JAVA_VERSION="25.0.4"
JAVA_VERSION_DATE="2026-07-21"
LIBC="default"
MODULES="java.base java.compiler java.datatransfer java.xml java.prefs java.desktop java.instrument java.logging java.management java.security.sasl java.naming java.rmi java.management.rmi java.net.http java.scripting java.security.jgss java.transaction.xa java.sql java.sql.rowset java.xml.crypto java.se jdk.accessibility jdk.charsets jdk.crypto.cryptoki jdk.crypto.ec jdk.dynalink jdk.httpserver jdk.internal.vm.ci jdk.jdwp.agent jdk.jfr jdk.jsobject jdk.localedata jdk.management jdk.management.agent jdk.management.jfr jdk.naming.dns jdk.naming.rmi jdk.net jdk.nio.mapmode jdk.sctp jdk.security.auth jdk.security.jgss jdk.unsupported jdk.xml.dom jdk.zipfs"
OS_ARCH="aarch64"
OS_NAME="Darwin"
SOURCE=".:git:58853f39377e+"

Environment Variables:
JAVA_HOME=/private/var/mobile/Containers/Data/Application/B5BBE0C6-B563-4D72-BB69-692D4C4C3EC0/Documents/Applications/com.air-devs.air_812038066.app/java_runtimes/java-25-openjdk
PATH=/usr/bin:/bin:/usr/sbin:/sbin
LD_LIBRARY_PATH=
SHELL=/bin/sh
TMPDIR=/private/var/mobile/Containers/Data/Application/B5BBE0C6-B563-4D72-BB69-692D4C4C3EC0/tmp/

Active Locale:
LC_ALL=C
LC_COLLATE=C
LC_CTYPE=C
LC_MESSAGES=C
LC_MONETARY=C
LC_NUMERIC=C
LC_TIME=C

Signal Handlers:
   SIGSEGV: crash_handler in libjvm.dylib, mask=11100110000111110111111111111111, flags=SA_ONSTACK|SA_RESTART|SA_SIGINFO, unblocked
    SIGBUS: crash_handler in libjvm.dylib, mask=11100110000111110111111111111111, flags=SA_RESTART|SA_SIGINFO, unblocked
    SIGFPE: crash_handler in libjvm.dylib, mask=11100110000111110111111111111111, flags=SA_RESTART|SA_SIGINFO, unblocked
   SIGPIPE: javaSignalHandler in libjvm.dylib, mask=11100110000111110111111111111111, flags=SA_RESTART|SA_SIGINFO, blocked
   SIGXFSZ: javaSignalHandler in libjvm.dylib, mask=11100110000111110111111111111111, flags=SA_RESTART|SA_SIGINFO, blocked
    SIGILL: crash_handler in libjvm.dylib, mask=11100110000111110111111111111111, flags=SA_RESTART|SA_SIGINFO, unblocked
   SIGUSR2: SR_handler in libjvm.dylib, mask=11100100000001110111111111011111, flags=SA_RESTART|SA_SIGINFO, blocked
    SIGHUP: UserHandler in libjvm.dylib, mask=11100110000111110111111111111111, flags=SA_RESTART|SA_SIGINFO, blocked
    SIGINT: UserHandler in libjvm.dylib, mask=11100110000111110111111111111111, flags=SA_RESTART|SA_SIGINFO, blocked
   SIGTERM: UserHandler in libjvm.dylib, mask=11100110000111110111111111111111, flags=SA_RESTART|SA_SIGINFO, blocked
   SIGQUIT: UserHandler in libjvm.dylib, mask=11100110000111110111111111111111, flags=SA_RESTART|SA_SIGINFO, blocked
   SIGTRAP: crash_handler in libjvm.dylib, mask=11100110000111110111111111111111, flags=SA_RESTART|SA_SIGINFO, unblocked


Compilation memory statistics disabled.

Periodic native trim disabled

---------------  S Y S T E M  ---------------

OS:
uname: Darwin 27.0.0 Darwin Kernel Version 27.0.0: Thu Aug 13 21:42:06 PDT 2026; root:xnu-13432.2.10~2/RELEASE_ARM64_T8142 iPad17,3
OS uptime: 0 days 14:20 hours
rlimit (soft/hard): STACK 1008k/1008k , CORE 0k/infinity , NPROC 2000/2048 , NOFILE 1048576/infinity , AS infinity/infinity , CPU infinity/infinity , DATA infinity/infinity , FSIZE infinity/infinity , MEMLOCK infinity/infinity , RSS infinity/infinity
load average: 6.04 3.21 2.61

CPU: total 9 (initial active 9) 0x61:0x0:0x1d5a87e8:0, fp, asimd, aes, pmull, sha1, sha256, crc32, lse, sha3, sha512
hw.cachelinesize:128
hw.l1icachesize:131072
hw.l1dcachesize:65536
hw.l2cachesize:6291456

Memory: 16k page, physical 11717840k(3506288k free)

vm_info: OpenJDK 64-Bit Server VM (25.0.4-internal-adhoc.ci.openjdk-25) for bsd-aarch64 JRE (25.0.4-internal-adhoc.ci.openjdk-25), built on 2026-07-10T07:02:19Z with clang Apple LLVM 21.0.0 (clang-2100.0.123.102)

END.
